Workbook

Sheet Lisez-moi
A1: Catalogue des scénarios abstraits et lien Behavior × Catalogue (v3, PROPOSED)
A2: SERYTI pour Torc Robotics, DO-Crawl I-35 South, 7 octobre 2026. Même contenu que l'outil Scenario Studio.
A4: Ce que c'est | B4: 121 scénarios abstraits (situations uniques) et leurs liens vers les 21 behaviors de la Behavior Table Torc. Un abstract peut vérifier plusieurs behaviors (lien n:m) : 258 liens au total.
A5: D'où viennent les abstracts | B5: Écrits par SERYTI. Ils ne viennent pas de la bibliothèque Foretellix (sous licence) : seule la structure (acteurs, phases, paramètres, coverage) suit le format Foretellix. Sources : Miro Torc (Concrete A/B), HAZOP/HIRE v2, catalogue TC-CRAWL V3, typologie NHTSA pré-crash (DOT HS 810 767), définitions Jama des behaviors (export du 26/03/2026).
A6: Foretellix | B6: La bibliothèque publique Foretellix / SAFE « Highway and ADAS Traffic Scenario Library » (VMAD-SG1-11-06, novembre 2020, 13 scénarios fonctionnels) a été croisée avec le catalogue : 9 abstracts ont été ajoutés pour les situations applicables qui manquaient (convoi lent à côté, lane hugger, file arrêtée à côté, courbe avec voisin, leader qui sort, convoi qui s'insère, entrecroisement à l'insertion, double cut-in, cut-out simple). Onglet « Couverture Foretellix ». Le catalogue Torc réel est la « L4 Highway Trucking V-Suite » de Foretellix, non publique : à demander (scenario index and coverage model).
A7: Justification HIRE | B7: Chaque lien abstract → behavior est justifié par des lignes du HIRE v2 (2026_SDT_HIRE_from_HAZOP_v2, 1 156 HARA) et rattaché aux HFS (Hazardous_Functional_Scenarios_V1). Règle : « justifié » quand le HIRE du behavior relie une commande sollicitée par la scène (décélération, braquage, accélération, clignotant, feux) au hazard pour lequel l'abstract a été écrit ; « justifié indirectement » quand c'est un autre hazard exposé par la scène, ou quand l'abstract n'est pas encore générable (hazard seul). Onglets « Justification HIRE » (une ligne par lien) et « Trous HIRE » (combinaisons du HIRE sans abstract).
A8: Ce que l'analyse a changé | B8: 5 liens ajoutés parce que le HIRE contient la condition ODD pour ce behavior et qu'aucun abstract ne la couvrait (OBJ-04, LC-OOD-04 et OBJ-06 pour Cruise ; RD-13 et OBJ-02 pour Controlled Stop on Shoulder), et 1 abstract créé : RMP-14 (bretelle d'accès en courbe et en pente, H5 de On-Ramp Merge).
A9: Ce qui manque | B9: Le catalogue de Matthieu (environ 104 abstracts, colonne A famille, colonne B abstract, nombre à confirmer) n'est pas dans le dossier. La colonne « Équivalent catalogue Matthieu » de l'onglet Catalogue est prévue pour faire le rapprochement.
A10: Intention du SDT | B10: Chaque behavior impose une intention au SDT pour la génération : K rester dans la voie, L changement de voie, M se décaler, S arrêt sur l'accotement, I arrêt en voie, E évitement latéral. L'intention est observée sur l'ADS, jamais scriptée dans l'OSC.
A11: Génération | B11: Les abstracts autoroute et les abstracts urbains en voie sont générables dans l'outil (acteurs A à O). Les intersections, la marche arrière, le contresens et la cour du hub ne le sont pas encore (jalon 2) : ils sont dans le catalogue et dans la matrice, sans génération.
A12: Exigences Jama | B12: Liens proposés vers les exigences de l'export « Driver Out 2026 SDT Requirements » (définitions des behaviors, Lane Change, Stay in Lane, OMV, vitesses) et vers TORC-SYSRQ-15232 et TORC-FSR-3752 (instantané local du repo Scenario Studio). À relire.
A13: Onglets | B13: Catalogue · Matrice Behavior × Abstract · Justification HIRE · Trous HIRE · Behaviors · Couverture NHTSA · Couverture Foretellix · Exigences Jama.
A14: Statut | B14: PROPOSED. Aucun lien n'est validé par Torc.

Sheet Catalogue
A1: Catalogue : une ligne par scénario abstrait
A2: Concrets = combinaisons générées par l'outil avec les valeurs par défaut, sommées sur les behaviors liés.
A4: ID | B4: Famille | C4: Titre | D4: Description | E4: Use cases | F4: Behaviors liés | G4: Nb behaviors | H4: Acteurs (slot, présence, types, manœuvres) | I4: Générable | J4: Combinaisons | K4: Concrets retenus | L4: Concrets exclus | M4: NHTSA pré-crash | N4: Hazards | O4: Triggering conditions | P4: Exigences Jama | Q4: Dépend de la perception | R4: Source | S4: Statut | T4: Équivalent catalogue Matthieu | U4: Foretellix SAFE (VMAD 2020)
A5: LV-01 | B5: LV | C5: Route libre, aucun leader | D5: Le SDT roule seul dans sa voie : comportement par défaut, vitesse et centrage. | E5: Highway | F5: HW-CRU, URB-CRU | G5: =IF(F5="",0,LEN(F5)-LEN(SUBSTITUTE(F5,",",""))+1) | H5: aucun (SDT seul) | I5: oui | J5: 24 | K5: 20 | L5: 4 | N5: H1, H5 | P5: TORC-SYSRQ-10155, TORC-SYSRQ-10154, TORC-SYSRQ-10161, TORC-SYSRQ-10167, TORC-SYSRQ-14118 | Q5: non | R5: SERYTI catalogue v1 (PROPOSED) | S5: PROPOSED
A6: LV-02 | B6: LV | C6: Leader plus lent à vitesse constante | D6: Le SDT rattrape un véhicule plus lent dans sa voie et passe en suivi. | E6: Highway | F6: HW-CRU, HW-FOL, URB-FOL | G6: =IF(F6="",0,LEN(F6)-LEN(SUBSTITUTE(F6,",",""))+1) | H6: A (obligatoire) : car, tractor_trailer | I6: oui | J6: 216 | K6: 216 | L6: 0 | M6: #25 Lead vehicle moving at lower constant speed | N6: H2 | P6: TORC-SYSRQ-14122, TORC-SYSRQ-14066 | Q6: non | R6: SERYTI catalogue v1 (PROPOSED) | S6: PROPOSED | U6: §11 Lead vehicle (couvert)
A7: LV-03 | B7: LV | C7: Leader qui décélère modérément | D7: Le leader ralentit sans urgence ; le SDT ajuste sa distance. | E7: Highway | F7: HW-FOL, URB-FOL | G7: =IF(F7="",0,LEN(F7)-LEN(SUBSTITUTE(F7,",",""))+1) | H7: A (obligatoire) : car, tractor_trailer · brake | I7: oui | J7: 128 | K7: 128 | L7: 0 | M7: #26 Lead vehicle decelerating | N7: H2 | P7: TORC-SYSRQ-14122, TORC-SYSRQ-14066 | Q7: non | R7: SERYTI catalogue v1 (PROPOSED) | S7: PROPOSED | U7: §11 Lead vehicle (couvert)
A8: LV-04 | B8: LV | C8: Leader qui freine fort | D8: Le leader freine brutalement ; le SDT doit éviter la collision avant. | E8: Highway | F8: HW-FOL, HW-ESL, HW-ELM, URB-FOL | G8: =IF(F8="",0,LEN(F8)-LEN(SUBSTITUTE(F8,",",""))+1) | H8: A (obligatoire) : car, tractor_trailer · brake | I8: oui | J8: 192 | K8: 128 | L8: 64 | M8: #26 Lead vehicle decelerating | N8: H2 | O8: TC-CRAWL-185 | P8: TORC-SYSRQ-14066 | Q8: non | R8: SERYTI catalogue v1 (PROPOSED) | S8: PROPOSED | U8: §11 Lead vehicle (couvert)
A9: LV-05 | B9: LV | C9: Leader arrêté (fin de bouchon, véhicule arrêté) | D9: Un véhicule est arrêté dans la voie du SDT. | E9: Highway | F9: HW-CRU, HW-FOL, HW-ESL, HW-ELM, HW-LC, URB-FOL | G9: =IF(F9="",0,LEN(F9)-LEN(SUBSTITUTE(F9,",",""))+1) | H9: A (obligatoire) : car, tractor_trailer | I9: oui | J9: 144 | K9: 144 | L9: 0 | M9: #27 Lead vehicle stopped | N9: H2 | O9: TC-CRAWL-182 | P9: TORC-SYSRQ-14066, TORC-SYSRQ-14123 | Q9: non | R9: SERYTI catalogue v1 (PROPOSED) | S9: PROPOSED | U9: §10 Stopped vehicles (couvert)
A10: LV-06 | B10: LV | C10: Leader qui accélère et s'éloigne | D10: Le leader repart ; le SDT reprend sa vitesse sans à-coup. | E10: Highway | F10: HW-FOL, URB-FOL | G10: =IF(F10="",0,LEN(F10)-LEN(SUBSTITUTE(F10,",",""))+1) | H10: A (obligatoire) : car · accelerate | I10: oui | J10: 64 | K10: 64 | L10: 0 | M10: #24 Lead vehicle accelerating | N10: H2, H3 | P10: TORC-SYSRQ-14122 | Q10: non | R10: SERYTI catalogue v1 (PROPOSED) | S10: PROPOSED | U10: §11 Lead vehicle (couvert)
A11: LV-07 | B11: LV | C11: Accordéon (stop-and-go) | D11: Trafic dense qui ralentit et repart. | E11: Highway | F11: HW-FOL, URB-FOL | G11: =IF(F11="",0,LEN(F11)-LEN(SUBSTITUTE(F11,",",""))+1) | H11: A (obligatoire) : car, tractor_trailer · brake C (optionnel) : car | I11: oui | J11: 1024 | K11: 1024 | L11: 0 | M11: #26 Lead vehicle decelerating | N11: H2, H3 | O11: TC-CRAWL-173 | Q11: non | R11: SERYTI catalogue v1 (PROPOSED) | S11: PROPOSED | U11: §10 Stopped vehicles (partiel), §11 Lead vehicle (couvert)
A12: LV-08 | B12: LV | C12: Leader au comportement erratique | D12: Le leader freine et accélère de façon imprévisible. | E12: Highway | F12: HW-FOL | G12: =IF(F12="",0,LEN(F12)-LEN(SUBSTITUTE(F12,",",""))+1) | H12: A (obligatoire) : car, pickup · brake | I12: oui | J12: 128 | K12: 128 | L12: 0 | M12: #26 Lead vehicle decelerating | N12: H2 | O12: TC-CRAWL-181, TC-CRAWL-175 | Q12: non | R12: SERYTI catalogue v1 (PROPOSED) | S12: PROPOSED | U12: §11 Lead vehicle (couvert)
A13: LV-09 | B13: LV | C13: Moto en leader | D13: Petit véhicule devant, difficile à suivre et à détecter. | E13: Highway | F13: HW-CRU, HW-FOL | G13: =IF(F13="",0,LEN(F13)-LEN(SUBSTITUTE(F13,",",""))+1) | H13: A (obligatoire) : motorcycle | I13: oui | J13: 32 | K13: 32 | L13: 0 | M13: #25 Lead vehicle moving at lower constant speed | N13: H2 | O13: TC-CRAWL-200 | Q13: oui | R13: SERYTI catalogue v1 (PROPOSED) | S13: PROPOSED
A14: LV-10 | B14: LV | C14: Leader camion qui masque la vue | D14: Un semi devant cache un véhicule arrêté plus loin. | E14: Highway | F14: HW-FOL, HW-ESL | G14: =IF(F14="",0,LEN(F14)-LEN(SUBSTITUTE(F14,",",""))+1) | H14: A (obligatoire) : tractor_trailer O (optionnel) : stopped_vehicle | I14: oui | J14: 32 | K14: 32 | L14: 0 | M14: #27 Lead vehicle stopped | N14: H2 | O14: TC-CRAWL-186 | Q14: oui | R14: SERYTI catalogue v1 (PROPOSED) | S14: PROPOSED
A15: LV-11 | B15: LV | C15: Le leader change de voie et libère la voie (cut-out) | D15: Le véhicule suivi quitte la voie du SDT sans obstacle derrière : le SDT doit reprendre sa vitesse sans à-coup (Foretellix « cut out »). | E15: Highway | F15: HW-CRU, HW-FOL | G15: =IF(F15="",0,LEN(F15)-LEN(SUBSTITUTE(F15,",",""))+1) | H15: A (obligatoire) : car, pickup, tractor_trailer · cut_out | I15: oui | J15: 432 | K15: 432 | L15: 0 | N15: H2 | P15: TORC-SYSRQ-14122, TORC-SYSRQ-10167 | Q15: non | R15: SERYTI catalogue v1 (PROPOSED) | S15: PROPOSED | U15: §5 Cut out (couvert)
A16: CI-01 | B16: CI | C16: Cut-in depuis la gauche, gap suffisant | D16: Un véhicule de la voie de gauche se rabat devant le SDT avec un écart correct. | E16: Highway | F16: HW-CRU, HW-FOL, URB-FOL | G16: =IF(F16="",0,LEN(F16)-LEN(SUBSTITUTE(F16,",",""))+1) | H16: B (obligatoire) : car, pickup · cut_in | I16: oui | J16: 288 | K16: 288 | L16: 0 | M16: #19 Vehicle(s) changing lanes, same direction | N16: H2 | O16: TC-CRAWL-171 | P16: TORC-SYSRQ-14066, TORC-SYSRQ-14122 | Q16: non | R16: SERYTI catalogue v1 (PROPOSED) | S16: PROPOSED | U16: §2 Cut in (couvert)
A17: CI-02 | B17: CI | C17: Cut-in serré depuis la gauche | D17: Le véhicule se rabat très près devant le SDT. | E17: Highway | F17: HW-CRU, HW-FOL, HW-ESL | G17: =IF(F17="",0,LEN(F17)-LEN(SUBSTITUTE(F17,",",""))+1) | H17: B (obligatoire) : car, pickup · cut_in | I17: oui | J17: 192 | K17: 192 | L17: 0 | M17: #19 Vehicle(s) changing lanes, same direction | N17: H2 | O17: TC-CRAWL-175 | P17: TORC-SYSRQ-14066 | Q17: non | R17: SERYTI catalogue v1 (PROPOSED) | S17: PROPOSED | U17: §2 Cut in (couvert)
A18: CI-03 | B18: CI | C18: Cut-in depuis la droite | D18: Un véhicule de la voie de droite se rabat devant le SDT (SDT en voie du milieu ou de gauche). | E18: Highway | F18: HW-CRU, HW-FOL | G18: =IF(F18="",0,LEN(F18)-LEN(SUBSTITUTE(F18,",",""))+1) | H18: G (obligatoire) : car, pickup · cut_in | I18: oui | J18: 128 | K18: 128 | L18: 0 | M18: #19 Vehicle(s) changing lanes, same direction | N18: H2 | P18: TORC-SYSRQ-14066 | Q18: non | R18: SERYTI catalogue v1 (PROPOSED) | S18: PROPOSED | U18: §2 Cut in (couvert)
A19: CI-04 | B19: CI | C19: Cut-in d'un véhicule plus lent | D19: Le véhicule qui se rabat roule moins vite que le SDT. | E19: Highway | F19: HW-CRU, HW-FOL | G19: =IF(F19="",0,LEN(F19)-LEN(SUBSTITUTE(F19,",",""))+1) | H19: B (obligatoire) : car, pickup · cut_in | I19: oui | J19: 64 | K19: 64 | L19: 0 | M19: #19 Vehicle(s) changing lanes, same direction, #25 Lead vehicle moving at lower constant speed | N19: H2 | Q19: non | R19: SERYTI catalogue v1 (PROPOSED) | S19: PROPOSED | U19: §2 Cut in (couvert)
A20: CI-05 | B20: CI | C20: Cut-in d'un semi-remorque | D20: Un ensemble long se rabat devant le SDT. | E20: Highway | F20: HW-CRU, HW-FOL | G20: =IF(F20="",0,LEN(F20)-LEN(SUBSTITUTE(F20,",",""))+1) | H20: B (obligatoire) : tractor_trailer · cut_in | I20: oui | J20: 64 | K20: 64 | L20: 0 | M20: #19 Vehicle(s) changing lanes, same direction | N20: H2 | O20: TC-CRAWL-187 | Q20: non | R20: SERYTI catalogue v1 (PROPOSED) | S20: PROPOSED | U20: §2 Cut in (couvert)
A21: CI-06 | B21: CI | C21: Insertion depuis la bretelle devant le SDT | D21: Un véhicule de la voie d'accélération s'insère dans la voie de droite où roule le SDT. | E21: Highway | F21: HW-CRU, HW-FOL | G21: =IF(F21="",0,LEN(F21)-LEN(SUBSTITUTE(F21,",",""))+1) | H21: G (obligatoire) : car, pickup, tractor_trailer · cut_in | I21: oui | J21: 288 | K21: 288 | L21: 0 | M21: #19 Vehicle(s) changing lanes, same direction | N21: H1, H2 | O21: TC-CRAWL-052, TC-CRAWL-265 | Q21: non | R21: SERYTI catalogue v1 (PROPOSED) | S21: PROPOSED | U21: §4.1.3 Cars merge at highway entry (partiel)
A22: CI-07 | B22: CI | C22: Brake-check après un rabattement | D22: Un véhicule qui vient de se rabattre freine brutalement devant le SDT. | E22: Highway | F22: HW-FOL, HW-ESL | G22: =IF(F22="",0,LEN(F22)-LEN(SUBSTITUTE(F22,",",""))+1) | H22: A (obligatoire) : car · brake | I22: oui | J22: 32 | K22: 32 | L22: 0 | M22: #26 Lead vehicle decelerating | N22: H2 | O22: TC-CRAWL-175 | Q22: non | R22: SERYTI catalogue v1 (PROPOSED) | S22: PROPOSED
A23: CI-08 | B23: CI | C23: Deux véhicules se rabattent l'un après l'autre | D23: Deux véhicules de la voie de gauche se rabattent successivement devant le SDT (variante convoi du cut-in Foretellix). | E23: Highway | F23: HW-CRU, HW-FOL | G23: =IF(F23="",0,LEN(F23)-LEN(SUBSTITUTE(F23,",",""))+1) | H23: B (obligatoire) : car, pickup · cut_in | I23: oui | J23: 256 | K23: 256 | L23: 0 | M23: #19 Vehicle(s) changing lanes, same direction | N23: H2 | P23: TORC-SYSRQ-14066, TORC-SYSRQ-14122 | Q23: non | R23: SERYTI catalogue v1 (PROPOSED) | S23: PROPOSED | U23: §2 Cut in (couvert), §5 Cut out (partiel)
A24: ADJ-01 | B24: ADJ | C24: Véhicule adjacent qui dérive vers le SDT | D24: Un véhicule le long du SDT sort de sa voie vers lui. | E24: Highway | F24: HW-CRU, HW-FOL, HW-ELM | G24: =IF(F24="",0,LEN(F24)-LEN(SUBSTITUTE(F24,",",""))+1) | H24: D (obligatoire) : car, pickup · drift | I24: oui | J24: 288 | K24: 288 | L24: 0 | M24: #20 Vehicle(s) drifting, same direction | N24: H1 | O24: TC-CRAWL-171 | P24: TORC-SYSRQ-14128, TORC-SYSRQ-10180, TORC-SYSRQ-14065 | Q24: non | R24: SERYTI catalogue v1 (PROPOSED) | S24: PROPOSED | U24: §8 Lane hugger (partiel)
A25: ADJ-02 | B25: ADJ | C25: Semi adjacent dont la remorque louvoie | D25: La remorque d'un camion voisin oscille vers la voie du SDT. | E25: Highway | F25: HW-CRU, HW-FOL | G25: =IF(F25="",0,LEN(F25)-LEN(SUBSTITUTE(F25,",",""))+1) | H25: D (obligatoire) : tractor_trailer · drift | I25: oui | J25: 48 | K25: 48 | L25: 0 | M25: #20 Vehicle(s) drifting, same direction | N25: H1 | O25: TC-CRAWL-192 | P25: TORC-SYSRQ-14128 | Q25: non | R25: SERYTI catalogue v1 (PROPOSED) | S25: PROPOSED
A26: ADJ-03 | B26: ADJ | C26: Moto qui remonte les files | D26: Une moto rapide passe entre les voies le long du SDT. | E26: Highway | F26: HW-CRU, HW-FOL | G26: =IF(F26="",0,LEN(F26)-LEN(SUBSTITUTE(F26,",",""))+1) | H26: D (obligatoire) : motorcycle | I26: oui | J26: 32 | K26: 32 | L26: 0 | M26: #20 Vehicle(s) drifting, same direction | N26: H1 | O26: TC-CRAWL-200, TC-CRAWL-201 | P26: TORC-SYSRQ-14128 | Q26: oui | R26: SERYTI catalogue v1 (PROPOSED) | S26: PROPOSED
A27: ADJ-04 | B27: ADJ | C27: Dépassement rapide et serré | D27: Un véhicule dépasse le SDT très vite et très près. | E27: Highway | F27: HW-CRU, HW-FOL | G27: =IF(F27="",0,LEN(F27)-LEN(SUBSTITUTE(F27,",",""))+1) | H27: D (obligatoire) : car, pickup | I27: oui | J27: 64 | K27: 64 | L27: 0 | M27: #20 Vehicle(s) drifting, same direction | N27: H1 | O27: TC-CRAWL-179 | P27: TORC-SYSRQ-10180, TORC-SYSRQ-14128 | Q27: non | R27: SERYTI catalogue v1 (PROPOSED) | S27: PROPOSED
A28: ADJ-05 | B28: ADJ | C28: Convoi lent dans la voie adjacente | D28: Le SDT longe ou dépasse une file de véhicules lents dans la voie voisine (Foretellix « slow neighbors »). Risque : un véhicule du convoi déboîte devant le SDT. | E28: Highway | F28: HW-CRU, HW-FOL, HW-LC | G28: =IF(F28="",0,LEN(F28)-LEN(SUBSTITUTE(F28,",",""))+1) | H28: D (obligatoire) : car, tractor_trailer | I28: oui | J28: 864 | K28: 864 | L28: 0 | M28: #19 Vehicle(s) changing lanes, same direction, #20 Vehicle(s) drifting, same direction | N28: H1 | P28: TORC-SYSRQ-14128, TORC-SYSRQ-10180 | Q28: non | R28: SERYTI catalogue v1 (PROPOSED) | S28: PROPOSED | U28: §7 Slow neighbors (couvert)
A29: ADJ-06 | B29: ADJ | C29: Véhicule adjacent qui serre la ligne (lane hugger) | D29: Un véhicule voisin roule collé au marquage côté SDT sans sortir de sa voie (Foretellix « lane hugger ») : moins d'espace latéral et moins de temps pour voir un cut-in. | E29: Highway | F29: HW-CRU, HW-FOL, HW-LC | G29: =IF(F29="",0,LEN(F29)-LEN(SUBSTITUTE(F29,",",""))+1) | H29: D (optionnel) : car, tractor_trailer · hug B (optionnel) : car, tractor_trailer · hug | I29: oui | J29: 2952 | K29: 1800 | L29: 1152 | M29: #20 Vehicle(s) drifting, same direction | N29: H1 | P29: TORC-SYSRQ-14128, TORC-SYSRQ-10180 | Q29: non | R29: SERYTI catalogue v1 (PROPOSED) | S29: PROPOSED | U29: §8 Lane hugger (couvert)
A30: ADJ-07 | B30: ADJ | C30: File de véhicules arrêtés dans la voie adjacente | D30: Le SDT passe le long d'une file arrêtée dans la voie voisine (file de sortie, accident, bouchon d'une seule voie) (Foretellix « stopped vehicles »). | E30: Highway | F30: HW-CRU, HW-FOL, HW-LC | G30: =IF(F30="",0,LEN(F30)-LEN(SUBSTITUTE(F30,",",""))+1) | H30: B (obligatoire) : car, tractor_trailer | I30: oui | J30: 288 | K30: 288 | L30: 0 | M30: #19 Vehicle(s) changing lanes, same direction | N30: H1, H2 | P30: TORC-SYSRQ-14128 | Q30: non | R30: SERYTI catalogue v1 (PROPOSED) | S30: PROPOSED | U30: §10 Stopped vehicles (couvert)
A31: LC-NOM-01 | B31: LC-NOM | C31: lane change free target lane | D31: SDT changes lane into an empty target lane. Ego-only reference scenario. | E31: Highway, Urban | F31: HW-LC, URB-LC | G31: =IF(F31="",0,LEN(F31)-LEN(SUBSTITUTE(F31,",",""))+1) | H31: aucun (SDT seul) | I31: oui | J31: 48 | K31: 28 | L31: 20 | N31: H1, H4, H5 | O31: TC-CRAWL-055, TC-CRAWL-060, TC-CRAWL-067, TC-CRAWL-068, TC-CRAWL-225, TC-CRAWL-227 | P31: TORC-SYSRQ-14123, TORC-TXT-14209, TORC-SYSRQ-10197, TORC-SYSRQ-10640, TORC-SYSRQ-13836, TORC-SYSRQ-10651, TORC-SYSRQ-13830, TORC-SYSRQ-10628, TORC-SYSRQ-10648 | Q31: non | R31: SERYTI Lane Change library v0 | S31: PROPOSED
A32: LC-NOM-02 | B32: LC-NOM | C32: lane change into gap with surrounding traffic | D32: SDT changes lane into the gap between B (ahead) and D (behind) in the target lane, with A and C in the origin lane. All actors keep their speed. | E32: Highway, Urban | F32: HW-LC, URB-LC | G32: =IF(F32="",0,LEN(F32)-LEN(SUBSTITUTE(F32,",",""))+1) | H32: A (obligatoire) : car B (obligatoire) : car C (obligatoire) : car D (obligatoire) : car, tractor_trailer | I32: oui | J32: 3456 | K32: 2880 | L32: 576 | M32: #19 Vehicle(s) changing lanes, same direction | N32: H1, H2, H3, H4 | O32: TC-CRAWL-168, TC-CRAWL-169, TC-CRAWL-173, TC-CRAWL-186, TC-CRAWL-176 | P32: TORC-SYSRQ-14123, TORC-TXT-14209, TORC-SYSRQ-10197, TORC-SYSRQ-10640, TORC-SYSRQ-13836, TORC-SYSRQ-10651, TORC-SYSRQ-13830, TORC-SYSRQ-10628, TORC-SYSRQ-10649, TORC-SYSRQ-13828 | Q32: non | R32: SERYTI Lane Change library v0 | S32: PROPOSED
A33: LC-NOM-03 | B33: LC-NOM | C33: overtake slow lead | D33: A is slower than SDT in the origin lane. SDT changes lane, passes A, keeps the target lane or prepares to return. | E33: Highway | F33: HW-LC | G33: =IF(F33="",0,LEN(F33)-LEN(SUBSTITUTE(F33,",",""))+1) | H33: A (obligatoire) : car, tractor_trailer B (optionnel) : car D (optionnel) : car | I33: oui | J33: 384 | K33: 384 | L33: 0 | M33: #19 Vehicle(s) changing lanes, same direction, #25 Lead vehicle moving at lower constant speed | N33: H1, H2, H3 | O33: TC-CRAWL-134, TC-CRAWL-187, TC-CRAWL-189, TC-CRAWL-192 | P33: TORC-SYSRQ-14123, TORC-TXT-14209, TORC-SYSRQ-10197, TORC-SYSRQ-10640, TORC-SYSRQ-13836, TORC-SYSRQ-10651, TORC-SYSRQ-13830, TORC-SYSRQ-10628 | Q33: non | R33: SERYTI Lane Change library v0 | S33: PROPOSED
A34: LC-NOM-04 | B34: LC-NOM | C34: return lane after overtake | D34: After passing, SDT returns to the original lane in front of the overtaken vehicle, which is now C in the target lane. | E34: Highway | F34: HW-LC | G34: =IF(F34="",0,LEN(F34)-LEN(SUBSTITUTE(F34,",",""))+1) | H34: D (obligatoire) : car, tractor_trailer B (optionnel) : car | I34: oui | J34: 48 | K34: 48 | L34: 0 | M34: #19 Vehicle(s) changing lanes, same direction | N34: H1, H2, H3 | O34: TC-CRAWL-014, TC-CRAWL-176, TC-CRAWL-186 | P34: TORC-SYSRQ-14123, TORC-TXT-14209, TORC-SYSRQ-10197, TORC-SYSRQ-10640, TORC-SYSRQ-13836, TORC-SYSRQ-10651, TORC-SYSRQ-13830, TORC-SYSRQ-10628 | Q34: non | R34: SERYTI Lane Change library v0 | S34: PROPOSED
A35: LC-TGT-01 | B35: LC-TGT | C35: lane change with fast rear approach | D35: D approaches fast in the target lane while SDT prepares or starts the lane change. | E35: Highway, Urban | F35: HW-LC, URB-LC | G35: =IF(F35="",0,LEN(F35)-LEN(SUBSTITUTE(F35,",",""))+1) | H35: D (obligatoire) : car B (optionnel) : car | I35: oui | J35: 72 | K35: 72 | L35: 0 | M35: #19 Vehicle(s) changing lanes, same direction | N35: H1, H2, H3 | O35: TC-CRAWL-179, TC-CRAWL-175, TC-CRAWL-186, TC-CRAWL-169 | P35: TORC-SYSRQ-14123, TORC-TXT-14209, TORC-SYSRQ-10197, TORC-SYSRQ-10640, TORC-SYSRQ-13836, TORC-SYSRQ-10651, TORC-SYSRQ-13830, TORC-SYSRQ-10628, TORC-SYSRQ-10649 | Q35: non | R35: SERYTI Lane Change library v0 | S35: PROPOSED
A36: LC-TGT-02 | B36: LC-TGT | C36: lane change with simultaneous merge from far lane | D36: While SDT changes into the target lane, E in the lane beyond the target lane also changes into the same target lane. | E36: Highway | F36: HW-LC | G36: =IF(F36="",0,LEN(F36)-LEN(SUBSTITUTE(F36,",",""))+1) | H36: A (optionnel) : car B (obligatoire) : car C (optionnel) : car D (obligatoire) : car E (obligatoire) : car, pickup · lane_change_into_target F (optionnel) : car | I36: oui | J36: 448 | K36: 448 | L36: 0 | M36: #19 Vehicle(s) changing lanes, same direction | N36: H1, H4 | O36: TC-CRAWL-171, TC-CRAWL-175, TC-CRAWL-181, TC-CRAWL-184, TC-CRAWL-186 | P36: TORC-SYSRQ-14123, TORC-TXT-14209, TORC-SYSRQ-10197, TORC-SYSRQ-10640, TORC-SYSRQ-13836, TORC-SYSRQ-10651, TORC-SYSRQ-13830, TORC-SYSRQ-10628 | Q36: non | R36: SERYTI Lane Change library v0 | S36: PROPOSED
A37: LC-TGT-03 | B37: LC-TGT | C37: lane change with closing gap | D37: D accelerates to close the gap while SDT signals or starts the lane change (non-cooperative driver). | E37: Highway | F37: HW-LC, HW-ONR | G37: =IF(F37="",0,LEN(F37)-LEN(SUBSTITUTE(F37,",",""))+1) | H37: D (obligatoire) : car · accelerate B (obligatoire) : car | I37: oui | J37: 64 | K37: 64 | L37: 0 | M37: #19 Vehicle(s) changing lanes, same direction | N37: H1, H2, H3 | O37: TC-CRAWL-175, TC-CRAWL-176 | P37: TORC-SYSRQ-14123, TORC-TXT-14209, TORC-SYSRQ-10197, TORC-SYSRQ-10640, TORC-SYSRQ-13836, TORC-SYSRQ-10651, TORC-SYSRQ-13830, TORC-SYSRQ-10628, TORC-SYSRQ-10649, TORC-SYSRQ-10647 | Q37: non | R37: SERYTI Lane Change library v0 | S37: PROPOSED
A38: LC-TGT-04 | B38: LC-TGT | C38: lane change with target lead braking | D38: B brakes while SDT is moving into the target lane behind it. | E38: Highway | F38: HW-LC | G38: =IF(F38="",0,LEN(F38)-LEN(SUBSTITUTE(F38,",",""))+1) | H38: B (obligatoire) : car, tractor_trailer · brake D (obligatoire) : car | I38: oui | J38: 192 | K38: 160 | L38: 32 | M38: #19 Vehicle(s) changing lanes, same direction, #26 Lead vehicle decelerating | N38: H2, H3 | O38: TC-CRAWL-185, TC-CRAWL-176, TC-CRAWL-039 | P38: TORC-SYSRQ-14123, TORC-TXT-14209, TORC-SYSRQ-10197, TORC-SYSRQ-10640, TORC-SYSRQ-13836, TORC-SYSRQ-10651, TORC-SYSRQ-13830, TORC-SYSRQ-10628, TORC-SYSRQ-13828, TORC-SYSRQ-13835 | Q38: non | R38: SERYTI Lane Change library v0 | S38: PROPOSED
A39: LC-TGT-05 | B39: LC-TGT | C39: lane change with vehicle alongside trailer | D39: A vehicle travels alongside the SDT trailer in the target lane (D overlapping the combination), partly in the trailer blind zone. | E39: Highway | F39: HW-LC | G39: =IF(F39="",0,LEN(F39)-LEN(SUBSTITUTE(F39,",",""))+1) | H39: D (obligatoire) : car, pickup | I39: oui | J39: 64 | K39: 64 | L39: 0 | M39: #19 Vehicle(s) changing lanes, same direction, #20 Vehicle(s) drifting, same direction | N39: H1, H2, H3 | O39: TC-CRAWL-014, TC-CRAWL-186, TC-CRAWL-193, TC-CRAWL-012 | P39: TORC-SYSRQ-14123, TORC-TXT-14209, TORC-SYSRQ-10197, TORC-SYSRQ-10640, TORC-SYSRQ-13836, TORC-SYSRQ-10651, TORC-SYSRQ-13830, TORC-SYSRQ-10628, TORC-SYSRQ-14128, TORC-SYSRQ-10182 | Q39: non | R39: SERYTI Lane Change library v0 | S39: PROPOSED
A40: LC-TGT-06 | B40: LC-TGT | C40: lane change with motorcycle in blind spot | D40: A motorcycle is in the target lane in the SDT blind zone or lane-splitting. | E40: Highway | F40: HW-LC | G40: =IF(F40="",0,LEN(F40)-LEN(SUBSTITUTE(F40,",",""))+1) | H40: D (obligatoire) : motorcycle | I40: oui | J40: 32 | K40: 32 | L40: 0 | M40: #19 Vehicle(s) changing lanes, same direction, #20 Vehicle(s) drifting, same direction | N40: H1 | O40: TC-CRAWL-200, TC-CRAWL-201 | P40: TORC-SYSRQ-14123, TORC-TXT-14209, TORC-SYSRQ-10197, TORC-SYSRQ-10640, TORC-SYSRQ-13836, TORC-SYSRQ-10651, TORC-SYSRQ-13830, TORC-SYSRQ-10628, TORC-SYSRQ-14128 | Q40: oui | R40: SERYTI Lane Change library v0 | S40: PROPOSED
A41: LC-TGT-07 | B41: LC-TGT | C41: lane change next to large or unstable vehicle | D41: Target lane contains a wide load or a truck with a swaying trailer next to the gap. | E41: Highway | F41: HW-LC, HW-CRU, HW-FOL | G41: =IF(F41="",0,LEN(F41)-LEN(SUBSTITUTE(F41,",",""))+1) | H41: B (obligatoire) : wide_load, tractor_trailer D (optionnel) : car | I41: oui | J41: 192 | K41: 144 | L41: 48 | M41: #20 Vehicle(s) drifting, same direction | N41: H1 | O41: TC-CRAWL-187, TC-CRAWL-188, TC-CRAWL-189, TC-CRAWL-192, TC-CRAWL-191 | P41: TORC-SYSRQ-14123, TORC-TXT-14209, TORC-SYSRQ-10197, TORC-SYSRQ-10640, TORC-SYSRQ-13836, TORC-SYSRQ-10651, TORC-SYSRQ-13830, TORC-SYSRQ-10628, TORC-SYSRQ-14128 | Q41: non | R41: SERYTI Lane Change library v0 | S41: PROPOSED
A42: LC-CUR-01 | B42: LC-CUR | C42: lane change with origin lead braking | D42: A brakes while SDT is preparing or executing the lane change. | E42: Highway, Urban | F42: HW-LC, URB-LC | G42: =IF(F42="",0,LEN(F42)-LEN(SUBSTITUTE(F42,",",""))+1) | H42: A (obligatoire) : car, tractor_trailer · brake B (optionnel) : car D (optionnel) : car | I42: oui | J42: 384 | K42: 384 | L42: 0 | M42: #26 Lead vehicle decelerating | N42: H1, H2, H3, H4 | O42: TC-CRAWL-185, TC-CRAWL-174, TC-CRAWL-039 | P42: TORC-SYSRQ-14123, TORC-TXT-14209, TORC-SYSRQ-10197, TORC-SYSRQ-10640, TORC-SYSRQ-13836, TORC-SYSRQ-10651, TORC-SYSRQ-13830, TORC-SYSRQ-10628, TORC-SYSRQ-13835 | Q42: non | R42: SERYTI Lane Change library v0 | S42: PROPOSED
A43: LC-CUR-02 | B43: LC-CUR | C43: evasive lane change after lead cut out | D43: A cuts out and reveals a stopped vehicle or obstacle in the origin lane; SDT must change lane or stop. | E43: Highway | F43: HW-LC, HW-FOL, HW-ESL, HW-ELM, HW-CRU | G43: =IF(F43="",0,LEN(F43)-LEN(SUBSTITUTE(F43,",",""))+1) | H43: A (obligatoire) : car, tractor_trailer · cut_out O (obligatoire) : stopped_vehicle, lost_cargo D (optionnel) : car | I43: oui | J43: 240 | K43: 240 | L43: 0 | M43: #27 Lead vehicle stopped, #33 Evasive action with prior vehicle maneuver | N43: H1, H2, H3, H4 | O43: TC-CRAWL-182, TC-CRAWL-186, TC-CRAWL-210, TC-CRAWL-174 | P43: TORC-SYSRQ-14123, TORC-TXT-14209, TORC-SYSRQ-10197, TORC-SYSRQ-10640, TORC-SYSRQ-13836, TORC-SYSRQ-10651, TORC-SYSRQ-13830, TORC-SYSRQ-10628 | Q43: non | R43: SERYTI Lane Change library v0 | S43: PROPOSED | U43: §5 Cut out (couvert)
A44: LC-CUR-03 | B44: LC-CUR | C44: lane change with tailgating follower | D44: C follows very close behind SDT in the origin lane while SDT prepares a lane change that needs speed adjustment. | E44: Highway | F44: HW-LC | G44: =IF(F44="",0,LEN(F44)-LEN(SUBSTITUTE(F44,",",""))+1) | H44: C (obligatoire) : car, pickup B (obligatoire) : car D (obligatoire) : car | I44: oui | J44: 96 | K44: 96 | L44: 0 | M44: #23 Following vehicle making a maneuver | N44: H1, H2, H3, H4 | O44: TC-CRAWL-176, TC-CRAWL-273, TC-CRAWL-274 | P44: TORC-SYSRQ-14123, TORC-TXT-14209, TORC-SYSRQ-10197, TORC-SYSRQ-10640, TORC-SYSRQ-13836, TORC-SYSRQ-10651, TORC-SYSRQ-13830, TORC-SYSRQ-10628 | Q44: non | R44: SERYTI Lane Change library v0 | S44: PROPOSED
A45: RMP-01 | B45: RMP | C45: Insertion : gap accepté en fin de voie d'accélération | D45: Le SDT est sur la voie d'accélération et doit trouver un gap dans la voie de droite. | E45: Highway | F45: HW-ONR | G45: =IF(F45="",0,LEN(F45)-LEN(SUBSTITUTE(F45,",",""))+1) | H45: B (optionnel) : car, tractor_trailer D (optionnel) : car, tractor_trailer | I45: oui | J45: 1392 | K45: 1392 | L45: 0 | M45: #19 Vehicle(s) changing lanes, same direction | N45: H1, H3 | O45: TC-CRAWL-099, TC-CRAWL-100 | P45: TORC-SYSRQ-14124, TORC-SYSRQ-13836 | Q45: non | R45: SERYTI catalogue v1 (PROPOSED) | S45: PROPOSED | U45: §4.1.1 DUT merges at highway entry (partiel)
A46: RMP-02 | B46: RMP | C46: Insertion : voie d'accélération courte | D46: La voie d'accélération est trop courte pour atteindre la vitesse du flux. | E46: Highway | F46: HW-ONR | G46: =IF(F46="",0,LEN(F46)-LEN(SUBSTITUTE(F46,",",""))+1) | H46: D (optionnel) : car | I46: oui | J46: 24 | K46: 24 | L46: 0 | M46: #19 Vehicle(s) changing lanes, same direction | N46: H1, H3 | O46: TC-CRAWL-099 | P46: TORC-SYSRQ-14124 | Q46: non | R46: SERYTI catalogue v1 (PROPOSED) | S46: PROPOSED
A47: RMP-03 | B47: RMP | C47: Insertion : voie principale saturée | D47: Pas de gap : le SDT doit s'arrêter ou attendre en fin de voie d'accélération (sortie « merge aborted » de SYSRQ-14124). | E47: Highway | F47: HW-ONR | G47: =IF(F47="",0,LEN(F47)-LEN(SUBSTITUTE(F47,",",""))+1) | H47: B (obligatoire) : car, tractor_trailer D (obligatoire) : car, tractor_trailer | I47: oui | J47: 512 | K47: 512 | L47: 0 | N47: H1, H3 | O47: TC-CRAWL-173 | P47: TORC-SYSRQ-14124 | Q47: non | R47: SERYTI catalogue v1 (PROPOSED) | S47: PROPOSED
A48: RMP-04 | B48: RMP | C48: Insertion : véhicule lent ou arrêté devant sur la bretelle | D48: Le véhicule devant sur la voie d'accélération hésite ou s'arrête. | E48: Highway | F48: HW-ONR | G48: =IF(F48="",0,LEN(F48)-LEN(SUBSTITUTE(F48,",",""))+1) | H48: A (obligatoire) : car | I48: oui | J48: 16 | K48: 16 | L48: 0 | M48: #27 Lead vehicle stopped | N48: H2 | P48: TORC-SYSRQ-14124 | Q48: non | R48: SERYTI catalogue v1 (PROPOSED) | S48: PROPOSED
A49: RMP-05 | B49: RMP | C49: Insertion : un véhicule de la voie principale se décale | D49: Un véhicule de la voie de droite passe à gauche pour laisser entrer le SDT. | E49: Highway | F49: HW-ONR | G49: =IF(F49="",0,LEN(F49)-LEN(SUBSTITUTE(F49,",",""))+1) | H49: B (obligatoire) : car · cut_out | I49: oui | J49: 16 | K49: 16 | L49: 0 | N49: H1 | P49: TORC-SYSRQ-14124 | Q49: non | R49: SERYTI catalogue v1 (PROPOSED) | S49: PROPOSED | U49: §5 Cut out (partiel)
A50: RMP-06 | B50: RMP | C50: Sortie : file d'attente sur la bretelle | D50: Une file remonte de la bretelle de sortie jusqu'à la voie de décélération. | E50: Highway | F50: HW-OFR, HW-FOL | G50: =IF(F50="",0,LEN(F50)-LEN(SUBSTITUTE(F50,",",""))+1) | H50: A (obligatoire) : car, tractor_trailer | I50: oui | J50: 96 | K50: 96 | L50: 0 | M50: #27 Lead vehicle stopped | N50: H2 | O50: TC-CRAWL-180 | P50: TORC-SYSRQ-14125 | Q50: non | R50: SERYTI catalogue v1 (PROPOSED) | S50: PROPOSED
A51: RMP-07 | B51: RMP | C51: Sortie manquée faute de gap | D51: Trafic dense dans la voie de sortie : le SDT ne peut pas l'atteindre et doit recalculer son itinéraire (sortie de SYSRQ-14125). | E51: Highway | F51: HW-OFR | G51: =IF(F51="",0,LEN(F51)-LEN(SUBSTITUTE(F51,",",""))+1) | H51: B (obligatoire) : car, tractor_trailer D (obligatoire) : car, tractor_trailer | I51: oui | J51: 256 | K51: 256 | L51: 0 | N51: H1, H3 | P51: TORC-SYSRQ-14125 | Q51: non | R51: SERYTI catalogue v1 (PROPOSED) | S51: PROPOSED
A52: RMP-08 | B52: RMP | C52: Sortie : virage serré de la bretelle | D52: La bretelle a un rayon faible : vitesse à adapter avant le virage. | E52: Highway | F52: HW-OFR | G52: =IF(F52="",0,LEN(F52)-LEN(SUBSTITUTE(F52,",",""))+1) | H52: aucun (SDT seul) | I52: oui | J52: 36 | K52: 4 | L52: 32 | M52: #4 Control loss without prior vehicle action, #8 Road edge departure without prior vehicle maneuver | N52: H5 | O52: TC-CRAWL-098, TC-CRAWL-129 | P52: TORC-SYSRQ-14120, TORC-SYSRQ-14121, TORC-SYSRQ-10172 | Q52: non | R52: SERYTI catalogue v1 (PROPOSED) | S52: PROPOSED | U52: §9 To side on curve (partiel)
A53: RMP-09 | B53: RMP | C53: Véhicule qui coupe le musoir au dernier moment | D53: Un véhicule traverse la voie du SDT pour attraper la sortie. | E53: Highway | F53: HW-OFR, HW-CRU, HW-FOL | G53: =IF(F53="",0,LEN(F53)-LEN(SUBSTITUTE(F53,",",""))+1) | H53: B (obligatoire) : car, pickup · cut_in | I53: oui | J53: 192 | K53: 192 | L53: 0 | M53: #19 Vehicle(s) changing lanes, same direction | N53: H2 | O53: TC-CRAWL-102, TC-CRAWL-146 | Q53: non | R53: SERYTI catalogue v1 (PROPOSED) | S53: PROPOSED | U53: §2 Cut in (partiel)
A54: RMP-10 | B54: RMP | C54: Sortie : rampe en marche arrière ou véhicule qui recule | D54: Un véhicule recule sur la bretelle ou l'accotement. | E54: Highway | F54: HW-OFR, HW-CSS | G54: =IF(F54="",0,LEN(F54)-LEN(SUBSTITUTE(F54,",",""))+1) | I54: jalon 2 | M54: #16 Backing up into another vehicle | N54: H2 | O54: TC-CRAWL-181 | Q54: non | R54: SERYTI catalogue v1 (PROPOSED) | S54: PROPOSED
A55: RMP-11 | B55: RMP | C55: Le leader quitte l'autoroute par la sortie | D55: Le véhicule devant le SDT ralentit et prend la bretelle de sortie à droite ; le SDT continue tout droit (Foretellix « cut-out to highway exit »). | E55: Highway | F55: HW-CRU, HW-FOL | G55: =IF(F55="",0,LEN(F55)-LEN(SUBSTITUTE(F55,",",""))+1) | H55: A (obligatoire) : car, pickup, tractor_trailer · take_exit | I55: oui | J55: 864 | K55: 864 | L55: 0 | M55: #26 Lead vehicle decelerating | N55: H2 | P55: TORC-SYSRQ-14122 | Q55: non | R55: SERYTI catalogue v1 (PROPOSED) | S55: PROPOSED | U55: §4.1.2 Cut-out to highway exit (couvert)
A56: RMP-12 | B56: RMP | C56: Convoi qui s'insère depuis la bretelle | D56: Plusieurs véhicules s'insèrent depuis la voie d'accélération devant ou à côté du SDT ; les écarts permettent au SDT de s'aligner dans le convoi (Foretellix « cars merge at highway entry »). | E56: Highway | F56: HW-CRU, HW-FOL, HW-LC | G56: =IF(F56="",0,LEN(F56)-LEN(SUBSTITUTE(F56,",",""))+1) | H56: G (obligatoire) : car, pickup, tractor_trailer · cut_in | I56: oui | J56: 2592 | K56: 2592 | L56: 0 | M56: #19 Vehicle(s) changing lanes, same direction | N56: H1, H2 | O56: TC-CRAWL-052, TC-CRAWL-265 | P56: TORC-SYSRQ-14122 | Q56: non | R56: SERYTI catalogue v1 (PROPOSED) | S56: PROPOSED | U56: §4.1.3 Cars merge at highway entry (couvert)
A57: RMP-13 | B57: RMP | C57: Insertion du SDT pendant qu'un véhicule sort par la voie d'accélération | D57: Le SDT s'insère depuis la bretelle ; un véhicule de la voie de droite traverse la voie d'accélération pour sortir (entrecroisement, Foretellix « DUT merges at highway entry »). | E57: Highway | F57: HW-ONR | G57: =IF(F57="",0,LEN(F57)-LEN(SUBSTITUTE(F57,",",""))+1) | H57: B (obligatoire) : car, pickup, tractor_trailer · cut_in | I57: oui | J57: 288 | K57: 288 | L57: 0 | M57: #19 Vehicle(s) changing lanes, same direction | N57: H1, H2 | O57: TC-CRAWL-099 | P57: TORC-SYSRQ-14124, TORC-SYSRQ-13836 | Q57: non | R57: SERYTI catalogue v1 (PROPOSED) | S57: PROPOSED | U57: §4.1.1 DUT merges at highway entry (couvert)
A58: RMP-14 | B58: RMP | C58: Insertion : bretelle d'accès en courbe et en pente | D58: La bretelle d'accès tourne et monte ou descend avant la voie d'accélération : le SDT doit tenir sa trajectoire et sa vitesse avant de s'insérer (trou révélé par le HIRE v2 : HW On-Ramp Merge, H5 perte de stabilité). | E58: Highway | F58: HW-ONR | G58: =IF(F58="",0,LEN(F58)-LEN(SUBSTITUTE(F58,",",""))+1) | H58: A (optionnel) : car, tractor_trailer D (optionnel) : car, tractor_trailer | I58: oui | J58: 1584 | K58: 792 | L58: 792 | M58: #4 Control loss without prior vehicle action, #8 Road edge departure without prior vehicle maneuver | N58: H5, H1 | O58: TC-CRAWL-098, TC-CRAWL-039 | P58: TORC-SYSRQ-14124, TORC-SYSRQ-14120, TORC-SYSRQ-10172 | Q58: non | R58: SERYTI catalogue v1 (PROPOSED) | S58: PROPOSED
A59: LC-RD-01 | B59: LC-RD | C59: mandatory lane change lane drop | D59: The origin lane ends (lane drop / lane ends) and SDT must merge into the adjacent lane with traffic. | E59: Highway | F59: HW-LC, HW-CRU | G59: =IF(F59="",0,LEN(F59)-LEN(SUBSTITUTE(F59,",",""))+1) | H59: B (optionnel) : car D (optionnel) : car, tractor_trailer | I59: oui | J59: 336 | K59: 336 | L59: 0 | M59: #19 Vehicle(s) changing lanes, same direction | N59: H1, H2, H3 | O59: TC-CRAWL-024, TC-CRAWL-046, TC-CRAWL-047, TC-CRAWL-148, TC-CRAWL-079, TC-CRAWL-140 | P59: TORC-SYSRQ-14123, TORC-TXT-14209, TORC-SYSRQ-10197, TORC-SYSRQ-10640, TORC-SYSRQ-13836, TORC-SYSRQ-10651, TORC-SYSRQ-13830, TORC-SYSRQ-10628 | Q59: non | R59: SERYTI Lane Change library v0 | S59: PROPOSED | U59: §13 DUT merge at lane end (couvert)
A60: LC-RD-02 | B60: LC-RD | C60: lane change in work zone lane closure | D60: Work zone closes a lane with channelizing devices; SDT must merge and follow shifted / temporary lanes. | E60: Highway | F60: HW-LC, HW-CRU, HW-FOL | G60: =IF(F60="",0,LEN(F60)-LEN(SUBSTITUTE(F60,",",""))+1) | H60: O (obligatoire) : cones B (optionnel) : car D (optionnel) : car | I60: oui | J60: 144 | K60: 144 | L60: 0 | M60: #37 Object crash without prior vehicle maneuver | N60: H1, H2, H3 | O60: TC-CRAWL-240, TC-CRAWL-241, TC-CRAWL-242, TC-CRAWL-243, TC-CRAWL-244, TC-CRAWL-245, TC-CRAWL-238 | P60: TORC-SYSRQ-14123, TORC-TXT-14209, TORC-SYSRQ-10197, TORC-SYSRQ-10640, TORC-SYSRQ-13836, TORC-SYSRQ-10651, TORC-SYSRQ-13830, TORC-SYSRQ-10628 | Q60: oui | R60: SERYTI Lane Change library v0 | S60: PROPOSED | U60: §14 Stationary objects (partiel)
A61: LC-RD-03 | B61: LC-RD | C61: lane change in weave section | D61: SDT changes lane in a weave section between an on-ramp and an off-ramp with many crossing lane changes. | E61: Highway | F61: HW-LC, HW-ONR | G61: =IF(F61="",0,LEN(F61)-LEN(SUBSTITUTE(F61,",",""))+1) | H61: E (obligatoire) : car · lane_change_into_target F (optionnel) : car · lane_change_into_target B (optionnel) : car D (optionnel) : car | I61: oui | J61: 448 | K61: 448 | L61: 0 | M61: #19 Vehicle(s) changing lanes, same direction | N61: H1, H2, H3 | O61: TC-CRAWL-049, TC-CRAWL-050, TC-CRAWL-097 | P61: TORC-SYSRQ-14123, TORC-TXT-14209, TORC-SYSRQ-10197, TORC-SYSRQ-10640, TORC-SYSRQ-13836, TORC-SYSRQ-10651, TORC-SYSRQ-13830, TORC-SYSRQ-10628 | Q61: non | R61: SERYTI Lane Change library v0 | S61: PROPOSED | U61: §4.1.1 DUT merges at highway entry (partiel)
A62: LC-RD-04 | B62: LC-RD | C62: mandatory lane change for exit | D62: SDT must reach the exit lane before the exit; sign may be missed or obscured. | E62: Highway | F62: HW-LC, HW-OFR | G62: =IF(F62="",0,LEN(F62)-LEN(SUBSTITUTE(F62,",",""))+1) | H62: B (optionnel) : car D (optionnel) : car, tractor_trailer | I62: oui | J62: 432 | K62: 432 | L62: 0 | M62: #19 Vehicle(s) changing lanes, same direction | N62: H1, H2, H3 | O62: TC-CRAWL-101, TC-CRAWL-102, TC-CRAWL-144, TC-CRAWL-145, TC-CRAWL-146, TC-CRAWL-147 | P62: TORC-SYSRQ-14123, TORC-TXT-14209, TORC-SYSRQ-10197, TORC-SYSRQ-10640, TORC-SYSRQ-13836, TORC-SYSRQ-10651, TORC-SYSRQ-13830, TORC-SYSRQ-10628 | Q62: non | R62: SERYTI Lane Change library v0 | S62: PROPOSED
A63: LC-RD-05 | B63: LC-RD | C63: lane change to yield to merging traffic | D63: Vehicles enter from an on-ramp next to SDT; SDT moves over to let them merge (courtesy). | E63: Highway | F63: HW-LC, HW-CRU, HW-FOL | G63: =IF(F63="",0,LEN(F63)-LEN(SUBSTITUTE(F63,",",""))+1) | H63: G (obligatoire) : car, pickup · cut_in D (optionnel) : car | I63: oui | J63: 288 | K63: 288 | L63: 0 | M63: #19 Vehicle(s) changing lanes, same direction | N63: H1, H2, H3 | O63: TC-CRAWL-052, TC-CRAWL-099, TC-CRAWL-100, TC-CRAWL-265 | P63: TORC-SYSRQ-14123, TORC-TXT-14209, TORC-SYSRQ-10197, TORC-SYSRQ-10640, TORC-SYSRQ-13836, TORC-SYSRQ-10651, TORC-SYSRQ-13830, TORC-SYSRQ-10628 | Q63: non | R63: SERYTI Lane Change library v0 | S63: PROPOSED | U63: §4.1.3 Cars merge at highway entry (partiel)
A64: LC-RD-06 | B64: LC-RD | C64: lane change with degraded lane markings | D64: Boundary between origin and target lane is faded, missing, double-exposed or misleading. | E64: Highway | F64: HW-LC, HW-CRU, HW-FOL | G64: =IF(F64="",0,LEN(F64)-LEN(SUBSTITUTE(F64,",",""))+1) | H64: aucun (SDT seul) | I64: oui | J64: 128 | K64: 80 | L64: 48 | M64: #7 Road edge departure with prior vehicle maneuver, #8 Road edge departure without prior vehicle maneuver | N64: H1, H2, H3 | O64: TC-CRAWL-025, TC-CRAWL-055, TC-CRAWL-060, TC-CRAWL-061, TC-CRAWL-064, TC-CRAWL-065, TC-CRAWL-068 | P64: TORC-SYSRQ-14123, TORC-TXT-14209, TORC-SYSRQ-10197, TORC-SYSRQ-10640, TORC-SYSRQ-13836, TORC-SYSRQ-10651, TORC-SYSRQ-13830, TORC-SYSRQ-10628, TORC-SYSRQ-14113, TORC-SYSRQ-10154 | Q64: oui | R64: SERYTI Lane Change library v0 | S64: PROPOSED
A65: LC-RD-07 | B65: LC-RD | C65: lane change on curve or grade | D65: Lane change on a curve, crest or steep grade where sight distance and stability margins are reduced. | E65: Highway | F65: HW-LC, HW-CRU, HW-FOL | G65: =IF(F65="",0,LEN(F65)-LEN(SUBSTITUTE(F65,",",""))+1) | H65: B (optionnel) : car D (optionnel) : car | I65: oui | J65: 432 | K65: 270 | L65: 162 | M65: #4 Control loss without prior vehicle action, #8 Road edge departure without prior vehicle maneuver | N65: H1, H2, H3, H5 | O65: TC-CRAWL-032, TC-CRAWL-034, TC-CRAWL-036, TC-CRAWL-039, TC-CRAWL-042, TC-CRAWL-001, TC-CRAWL-006 | P65: TORC-SYSRQ-14123, TORC-TXT-14209, TORC-SYSRQ-10197, TORC-SYSRQ-10640, TORC-SYSRQ-13836, TORC-SYSRQ-10651, TORC-SYSRQ-13830, TORC-SYSRQ-10628, TORC-SYSRQ-14120, TORC-SYSRQ-14121, TORC-SYSRQ-10172 | Q65: non | R65: SERYTI Lane Change library v0 | S65: PROPOSED | U65: §9 To side on curve (partiel)
A66: LC-RD-08 | B66: LC-RD | C66: lane change with map lane mismatch | D66: Map and reality disagree on lane count or lane availability (recent restriping, added lane not in map). | E66: Highway | F66: HW-LC, HW-CRU | G66: =IF(F66="",0,LEN(F66)-LEN(SUBSTITUTE(F66,",",""))+1) | H66: aucun (SDT seul) | I66: oui | J66: 32 | K66: 32 | L66: 0 | N66: H1 | O66: TC-CRAWL-237, TC-CRAWL-238, TC-CRAWL-239, TC-CRAWL-141 | P66: TORC-SYSRQ-14123, TORC-TXT-14209, TORC-SYSRQ-10197, TORC-SYSRQ-10640, TORC-SYSRQ-13836, TORC-SYSRQ-10651, TORC-SYSRQ-13830, TORC-SYSRQ-10628 | Q66: oui | R66: SERYTI Lane Change library v0 | S66: PROPOSED
A67: RD-09 | B67: RD | C67: Voie plus étroite que 3,5 m | D67: La largeur de voie passe sous le seuil d'entrée de Cruise et de Stay in Lane (3,5 m). | E67: Highway | F67: HW-CRU, HW-FOL | G67: =IF(F67="",0,LEN(F67)-LEN(SUBSTITUTE(F67,",",""))+1) | H67: D (optionnel) : car, tractor_trailer | I67: oui | J67: 96 | K67: 96 | L67: 0 | M67: #7 Road edge departure with prior vehicle maneuver, #8 Road edge departure without prior vehicle maneuver | N67: H1 | O67: TC-CRAWL-027, TC-CRAWL-044 | P67: TORC-SYSRQ-10155, TORC-SYSRQ-10154, TORC-SYSRQ-10178 | Q67: non | R67: SERYTI catalogue v1 (PROPOSED) | S67: PROPOSED
A68: RD-10 | B68: RD | C68: Changement de limite de vitesse | D68: La limite baisse (zone, travaux, panneau temporaire) ; le SDT doit la respecter. | E68: Highway | F68: HW-CRU, HW-FOL | G68: =IF(F68="",0,LEN(F68)-LEN(SUBSTITUTE(F68,",",""))+1) | H68: aucun (SDT seul) | I68: oui | J68: 24 | K68: 24 | L68: 0 | N68: H2 | O68: TC-CRAWL-123, TC-CRAWL-126, TC-CRAWL-127 | P68: TORC-SYSRQ-14118, TORC-SYSRQ-10167 | Q68: oui | R68: SERYTI catalogue v1 (PROPOSED) | S68: PROPOSED | U68: §12 DUT speed limit change (couvert)
A69: RD-11 | B69: RD | C69: Pas d'accotement (pont, viaduc) | D69: Aucune place pour s'arrêter hors de la voie au moment où l'arrêt est demandé. | E69: Highway | F69: HW-CSS, HW-ESL | G69: =IF(F69="",0,LEN(F69)-LEN(SUBSTITUTE(F69,",",""))+1) | H69: C (optionnel) : car, tractor_trailer | I69: oui | J69: 96 | K69: 96 | L69: 0 | N69: H3 | O69: TC-CRAWL-053 | P69: TORC-SYSRQ-14127, TORC-SYSRQ-14126 | Q69: non | R69: SERYTI catalogue v1 (PROPOSED) | S69: PROPOSED
A70: RD-12 | B70: RD | C70: Rafale de vent latéral | D70: Section exposée avec vent fort et rafales. | E70: Highway | F70: HW-CRU, HW-FOL, HW-LC | G70: =IF(F70="",0,LEN(F70)-LEN(SUBSTITUTE(F70,",",""))+1) | H70: aucun (SDT seul) | I70: oui | J70: 36 | K70: 36 | L70: 0 | M70: #4 Control loss without prior vehicle action | N70: H1, H5 | O70: TC-CRAWL-225, TC-CRAWL-227, TC-CRAWL-228 | P70: TORC-SYSRQ-10154, TORC-SYSRQ-10178 | Q70: non | R70: SERYTI catalogue v1 (PROPOSED) | S70: PROPOSED
A71: RD-13 | B71: RD | C71: Forte descente avec charge lourde | D71: Pente descendante qui allonge les distances d'arrêt. | E71: Highway | F71: HW-CRU, HW-FOL, HW-ESL, HW-CSS | G71: =IF(F71="",0,LEN(F71)-LEN(SUBSTITUTE(F71,",",""))+1) | H71: A (optionnel) : car · brake | I71: oui | J71: 128 | K71: 128 | L71: 0 | M71: #4 Control loss without prior vehicle action | N71: H2, H5 | O71: TC-CRAWL-039, TC-CRAWL-001 | P71: TORC-SYSRQ-14120 | Q71: non | R71: SERYTI catalogue v1 (PROPOSED) | S71: PROPOSED
A72: RD-14 | B72: RD | C72: Courbe avec véhicule dans la voie voisine | D72: Le SDT suit une courbe pendant qu'un véhicule roule devant ou à côté dans la voie voisine ; un semi voisin peut déporter sa remorque vers l'intérieur (Foretellix « to side on curve »). | E72: Highway | F72: HW-CRU, HW-FOL, HW-LC | G72: =IF(F72="",0,LEN(F72)-LEN(SUBSTITUTE(F72,",",""))+1) | H72: B (optionnel) : car, tractor_trailer D (optionnel) : tractor_trailer · hug | I72: oui | J72: 6264 | K72: 4176 | L72: 2088 | M72: #4 Control loss without prior vehicle action, #8 Road edge departure without prior vehicle maneuver, #20 Vehicle(s) drifting, same direction | N72: H1, H5 | P72: TORC-SYSRQ-10172, TORC-SYSRQ-14120, TORC-SYSRQ-14128 | Q72: non | R72: SERYTI catalogue v1 (PROPOSED) | S72: PROPOSED | U72: §9 To side on curve (couvert)
A73: EMV-03 | B73: EMV | C73: Véhicule d'urgence dans la congestion | D73: Une ambulance remonte un trafic lent : il faut former un passage. | E73: Highway | F73: HW-FOL, HW-CSS | G73: =IF(F73="",0,LEN(F73)-LEN(SUBSTITUTE(F73,",",""))+1) | H73: A (obligatoire) : car, tractor_trailer C (obligatoire) : ambulance, fire | I73: oui | J73: 512 | K73: 512 | L73: 0 | N73: H6, H3 | O73: TC-CRAWL-272 | Q73: non | R73: SERYTI catalogue v1 (PROPOSED) | S73: PROPOSED
A74: EMV-04 | B74: EMV | C74: Policier qui suit le SDT plus de 20 s | D74: Un LEO suit le SDT gyrophares allumés : arrêt sur l'accotement demandé. | E74: Highway | F74: HW-CSS | G74: =IF(F74="",0,LEN(F74)-LEN(SUBSTITUTE(F74,",",""))+1) | H74: C (obligatoire) : police | I74: oui | J74: 32 | K74: 32 | L74: 0 | N74: H6 | O74: TC-CRAWL-195 | P74: TORC-SYSRQ-15232, TORC-SYSRQ-14127 | Q74: non | R74: SERYTI catalogue v1 (PROPOSED) | S74: PROPOSED
A75: EMV-05 | B75: EMV | C75: Véhicule d'urgence arrêté dans la voie | D75: Un véhicule de secours bloque la voie du SDT. | E75: Highway | F75: HW-LC, HW-ESL, HW-FOL | G75: =IF(F75="",0,LEN(F75)-LEN(SUBSTITUTE(F75,",",""))+1) | H75: A (obligatoire) : police, fire, ambulance D (optionnel) : car | I75: oui | J75: 144 | K75: 144 | L75: 0 | M75: #27 Lead vehicle stopped | N75: H2 | O75: TC-CRAWL-196, TC-CRAWL-198 | P75: TORC-SYSRQ-14123 | Q75: non | R75: SERYTI catalogue v1 (PROPOSED) | S75: PROPOSED
A76: EMV-06 | B76: EMV | C76: Poursuite policière qui dépasse le SDT | D76: Un véhicule de police dépasse à grande vitesse. | E76: Highway | F76: HW-CRU, HW-FOL | G76: =IF(F76="",0,LEN(F76)-LEN(SUBSTITUTE(F76,",",""))+1) | H76: D (obligatoire) : police | I76: oui | J76: 32 | K76: 32 | L76: 0 | N76: H1, H6 | O76: TC-CRAWL-195 | P76: TORC-SYSRQ-14128 | Q76: non | R76: SERYTI catalogue v1 (PROPOSED) | S76: PROPOSED
A77: LC-OOD-01 | B77: LC-OOD | C77: move over for stopped emv on shoulder | D77: Stopped EMV, police, TxDOT or tow vehicle with lights on the shoulder; SDT vacates the adjacent lane or slows. | E77: Highway | F77: HW-LC, HW-CRU, HW-FOL | G77: =IF(F77="",0,LEN(F77)-LEN(SUBSTITUTE(F77,",",""))+1) | H77: S (obligatoire) : police, tow, txdot D (optionnel) : car B (optionnel) : car | I77: oui | J77: 2160 | K77: 1800 | L77: 360 | M77: #37 Object crash without prior vehicle maneuver | N77: H1, H2, H3 | O77: TC-CRAWL-196, TC-CRAWL-197, TC-CRAWL-198, TC-CRAWL-199, TC-CRAWL-183 | P77: TORC-SYSRQ-14123, TORC-TXT-14209, TORC-SYSRQ-10197, TORC-SYSRQ-10640, TORC-SYSRQ-13836, TORC-SYSRQ-10651, TORC-SYSRQ-13830, TORC-SYSRQ-10628, TORC-SYSRQ-15232 | Q77: non | R77: SERYTI Lane Change library v0 | S77: PROPOSED
A78: LC-OOD-02 | B78: LC-OOD | C78: yield lane to approaching emv | D78: EMV with lights / siren approaches from behind in SDT lane; SDT moves over to let it pass. | E78: Highway | F78: HW-LC, HW-CRU, HW-FOL, HW-CSS | G78: =IF(F78="",0,LEN(F78)-LEN(SUBSTITUTE(F78,",",""))+1) | H78: C (obligatoire) : ambulance, police D (optionnel) : car | I78: oui | J78: 256 | K78: 160 | L78: 96 | M78: #23 Following vehicle making a maneuver | N78: H1, H2, H3 | O78: TC-CRAWL-195, TC-CRAWL-198, TC-CRAWL-272 | P78: TORC-SYSRQ-14123, TORC-TXT-14209, TORC-SYSRQ-10197, TORC-SYSRQ-10640, TORC-SYSRQ-13836, TORC-SYSRQ-10651, TORC-SYSRQ-13830, TORC-SYSRQ-10628 | Q78: oui | R78: SERYTI Lane Change library v0 | S78: PROPOSED
A79: LC-OOD-03 | B79: LC-OOD | C79: lane change with object in target lane | D79: FOD, lost cargo or an unusual object lies in the target lane at or after the planned merge point. | E79: Highway | F79: HW-LC | G79: =IF(F79="",0,LEN(F79)-LEN(SUBSTITUTE(F79,",",""))+1) | H79: O (obligatoire) : tire_debris, lost_cargo D (optionnel) : car | I79: oui | J79: 24 | K79: 24 | L79: 0 | M79: #37 Object crash without prior vehicle maneuver | N79: H1, H2, H3, H4 | O79: TC-CRAWL-210, TC-CRAWL-212, TC-CRAWL-214, TC-CRAWL-215, TC-CRAWL-271 | P79: TORC-SYSRQ-14123, TORC-TXT-14209, TORC-SYSRQ-10197, TORC-SYSRQ-10640, TORC-SYSRQ-13836, TORC-SYSRQ-10651, TORC-SYSRQ-13830, TORC-SYSRQ-10628 | Q79: oui | R79: SERYTI Lane Change library v0 | S79: PROPOSED
A80: LC-OOD-04 | B80: LC-OOD | C80: lane change at crash scene | D80: Crash scene ahead with responders on foot, emergency lighting, debris and improvised lane closure. | E80: Highway | F80: HW-LC, HW-ESL, HW-FOL, HW-CSS, HW-CRU | G80: =IF(F80="",0,LEN(F80)-LEN(SUBSTITUTE(F80,",",""))+1) | H80: O (obligatoire) : crash_scene S (optionnel) : police, ambulance B (optionnel) : car D (optionnel) : car | I80: oui | J80: 440 | K80: 440 | L80: 0 | M80: #37 Object crash without prior vehicle maneuver | N80: H1, H2, H3, H4 | O80: TC-CRAWL-266, TC-CRAWL-174 | P80: TORC-SYSRQ-14123, TORC-TXT-14209, TORC-SYSRQ-10197, TORC-SYSRQ-10640, TORC-SYSRQ-13836, TORC-SYSRQ-10651, TORC-SYSRQ-13830, TORC-SYSRQ-10628 | Q80: oui | R80: SERYTI Lane Change library v0 | S80: PROPOSED | U80: §14 Stationary objects (partiel)
A81: LC-REF-01 | B81: LC-OOD | C81: lane change for stopped vehicle on shoulder | D81: Un véhicule est arrêté entièrement sur l'accotement droit pendant que le SDT roule dans la voie de droite. Des véhicules devant et derrière peuvent être présents. La réponse du SDT est observée, jamais scriptée. | E81: Highway | F81: HW-LC, HW-CRU, HW-FOL | G81: =IF(F81="",0,LEN(F81)-LEN(SUBSTITUTE(F81,",",""))+1) | H81: A (optionnel) : car C (optionnel) : car S (obligatoire) : stopped_vehicle | I81: oui | J81: 108 | K81: 108 | L81: 0 | M81: #37 Object crash without prior vehicle maneuver | N81: H1, H2 | O81: TC-CRAWL-196, TC-CRAWL-197, TC-CRAWL-198, TC-CRAWL-199, TC-CRAWL-183 | P81: TORC-SYSRQ-14123, TORC-TXT-14209, TORC-SYSRQ-10197, TORC-SYSRQ-10640, TORC-SYSRQ-13836, TORC-SYSRQ-10651, TORC-SYSRQ-13830, TORC-SYSRQ-10628 | Q81: non | R81: Référence jalon 1 (valeurs de la démo DEMO-SHOULDER-01) | S81: REFERENCE
A82: OBJ-01 | B82: OBJ | C82: Petit débris franchissable dans la voie | D82: Un débris bas dans la voie du SDT : le chevaucher ou l'éviter. | E82: Highway | F82: HW-CRU, HW-FOL | G82: =IF(F82="",0,LEN(F82)-LEN(SUBSTITUTE(F82,",",""))+1) | H82: O (obligatoire) : tire_debris | I82: oui | J82: 24 | K82: 24 | L82: 0 | M82: #37 Object crash without prior vehicle maneuver | N82: H2, H5 | O82: TC-CRAWL-210, TC-CRAWL-215 | Q82: oui | R82: SERYTI catalogue v1 (PROPOSED) | S82: PROPOSED | U82: §14 Stationary objects (couvert)
A83: OBJ-02 | B83: OBJ | C83: Chargement perdu ou gros débris dans la voie | D83: Un objet infranchissable bloque la voie du SDT. | E83: Highway | F83: HW-ESL, HW-ELM, HW-LC, HW-FOL, HW-CSS | G83: =IF(F83="",0,LEN(F83)-LEN(SUBSTITUTE(F83,",",""))+1) | H83: O (obligatoire) : lost_cargo, stopped_vehicle D (optionnel) : car | I83: oui | J83: 240 | K83: 240 | L83: 0 | M83: #36 Object crash with prior vehicle maneuver, #37 Object crash without prior vehicle maneuver | N83: H2 | O83: TC-CRAWL-210, TC-CRAWL-271 | P83: TORC-SYSRQ-14123, TORC-SYSRQ-14126 | Q83: non | R83: SERYTI catalogue v1 (PROPOSED) | S83: PROPOSED | U83: §14 Stationary objects (couvert)
A84: OBJ-03 | B84: OBJ | C84: Véhicule en panne qui déborde de l'accotement | D84: Un véhicule arrêté sur l'accotement empiète dans la voie de droite. | E84: Highway | F84: HW-CRU, HW-FOL, HW-LC | G84: =IF(F84="",0,LEN(F84)-LEN(SUBSTITUTE(F84,",",""))+1) | H84: S (obligatoire) : stopped_vehicle, tractor_trailer | I84: oui | J84: 144 | K84: 144 | L84: 0 | N84: H1 | O84: TC-CRAWL-183 | P84: TORC-SYSRQ-14128, TORC-SYSRQ-10180 | Q84: non | R84: SERYTI catalogue v1 (PROPOSED) | S84: PROPOSED
A85: OBJ-04 | B85: OBJ | C85: Animal sur la chaussée | D85: Cerf ou bétail sur la voie (hors ODD validé). | E85: Highway | F85: HW-ESL, HW-ELM, HW-FOL, HW-CRU | G85: =IF(F85="",0,LEN(F85)-LEN(SUBSTITUTE(F85,",",""))+1) | H85: O (obligatoire) : deer, livestock | I85: oui | J85: 192 | K85: 192 | L85: 0 | M85: #10 Animal crash with prior vehicle maneuver, #11 Animal crash without prior vehicle maneuver | N85: H2, H5 | O85: TC-CRAWL-253, TC-CRAWL-254 | Q85: oui | R85: SERYTI catalogue v1 (PROPOSED) | S85: PROPOSED | U85: §14 Stationary objects (partiel)
A86: OBJ-05 | B86: OBJ | C86: Piéton sur l'autoroute | D86: Une personne sortie d'un véhicule en panne marche près de la voie. | E86: Highway | F86: HW-CRU, HW-FOL, HW-ESL, HW-CSS | G86: =IF(F86="",0,LEN(F86)-LEN(SUBSTITUTE(F86,",",""))+1) | H86: S (obligatoire) : stopped_vehicle O (obligatoire) : pedestrian | I86: oui | J86: 64 | K86: 64 | L86: 0 | M86: #13 Pedestrian crash without prior vehicle maneuver | N86: H2 | O86: TC-CRAWL-202, TC-CRAWL-203 | Q86: oui | R86: SERYTI catalogue v1 (PROPOSED) | S86: PROPOSED | U86: §14 Stationary objects (couvert)
A87: OBJ-06 | B87: OBJ | C87: Objet qui apparaît soudainement près du SDT | D87: Débris tombé d'un véhicule ou projeté, découvert tard. | E87: Highway | F87: HW-FOL, HW-ESL, HW-ELM, HW-CRU | G87: =IF(F87="",0,LEN(F87)-LEN(SUBSTITUTE(F87,",",""))+1) | H87: O (obligatoire) : lost_cargo, tire_debris | I87: oui | J87: 64 | K87: 64 | L87: 0 | M87: #36 Object crash with prior vehicle maneuver | N87: H2 | O87: TC-CRAWL-207, TC-CRAWL-271 | Q87: oui | R87: SERYTI catalogue v1 (PROPOSED) | S87: PROPOSED | U87: §14 Stationary objects (partiel)
A88: AB-01 | B88: AB | C88: Conducteur à contresens | D88: Un véhicule arrive en sens inverse dans la voie du SDT. | E88: Highway | F88: HW-ESL, HW-ELM, HW-CSS | G88: =IF(F88="",0,LEN(F88)-LEN(SUBSTITUTE(F88,",",""))+1) | I88: jalon 2 | M88: #22 Vehicle(s) not making a maneuver, opposite direction | N88: H2 | O88: TC-CRAWL-178 | Q88: non | R88: SERYTI catalogue v1 (PROPOSED) | S88: PROPOSED | U88: §6 Oncoming (partiel)
A89: AB-02 | B89: AB | C89: Suiveur trop proche (tailgater) | D89: Un véhicule colle le SDT : tout freinage devient risqué. | E89: Highway | F89: HW-CRU, HW-FOL, HW-ESL, HW-CSS | G89: =IF(F89="",0,LEN(F89)-LEN(SUBSTITUTE(F89,",",""))+1) | H89: C (obligatoire) : car, pickup | I89: oui | J89: 192 | K89: 176 | L89: 16 | M89: #23 Following vehicle making a maneuver | N89: H3 | O89: TC-CRAWL-176 | Q89: non | R89: SERYTI catalogue v1 (PROPOSED) | S89: PROPOSED
A90: AB-03 | B90: AB | C90: Véhicule qui roule sur l'accotement | D90: Un véhicule double par l'accotement. | E90: Highway | F90: HW-CRU, HW-CSS | G90: =IF(F90="",0,LEN(F90)-LEN(SUBSTITUTE(F90,",",""))+1) | H90: S (obligatoire) : car, pickup | I90: oui | J90: 128 | K90: 128 | L90: 0 | N90: H1 | O90: TC-CRAWL-177 | Q90: non | R90: SERYTI catalogue v1 (PROPOSED) | S90: PROPOSED
A91: LC-ABT-01 | B91: LC-ABT | C91: lane change abort and return | D91: A trigger (D accelerates, E merges, B brakes) appears after lateral motion started; SDT returns to the origin lane. | E91: Highway | F91: HW-LC | G91: =IF(F91="",0,LEN(F91)-LEN(SUBSTITUTE(F91,",",""))+1) | H91: E (optionnel) : car · lane_change_into_target D (optionnel) : car · accelerate B (optionnel) : car · brake C (optionnel) : car | I91: oui | J91: 334 | K91: 334 | L91: 0 | M91: #19 Vehicle(s) changing lanes, same direction | N91: H1, H5 | O91: TC-CRAWL-175, TC-CRAWL-171, TC-CRAWL-227 | P91: TORC-SYSRQ-14123, TORC-TXT-14209, TORC-SYSRQ-10197, TORC-SYSRQ-10640, TORC-SYSRQ-13836, TORC-SYSRQ-10651, TORC-SYSRQ-13830, TORC-SYSRQ-10628, TORC-SYSRQ-10647, TORC-SYSRQ-10652, TORC-SYSRQ-10629 | Q91: non | R91: SERYTI Lane Change library v0 | S91: PROPOSED
A92: LC-ABT-02 | B92: LC-ABT | C92: lane change interrupted by ddt fallback | D92: A system degradation requires MRM while SDT is mid lane change. | E92: Highway | F92: HW-LC, HW-CSS, HW-ESL | G92: =IF(F92="",0,LEN(F92)-LEN(SUBSTITUTE(F92,",",""))+1) | H92: B (optionnel) : car C (optionnel) : car D (optionnel) : car | I92: oui | J92: 504 | K92: 504 | L92: 0 | M92: #2 Vehicle failure | N92: H1, H2, H3 | O92: TC-CRAWL-232, TC-CRAWL-012, TC-CRAWL-251 | P92: TORC-SYSRQ-14123, TORC-TXT-14209, TORC-SYSRQ-10197, TORC-SYSRQ-10640, TORC-SYSRQ-13836, TORC-SYSRQ-10651, TORC-SYSRQ-13830, TORC-SYSRQ-10628, TORC-SYSRQ-14127, TORC-SYSRQ-14126 | Q92: non | R92: SERYTI Lane Change library v0 | S92: PROPOSED
A93: FB-01 | B93: FB | C93: Dégradation système, accotement disponible | D93: Une dégradation impose de quitter la voie et de s'arrêter sur l'accotement. | E93: Highway | F93: HW-CSS | G93: =IF(F93="",0,LEN(F93)-LEN(SUBSTITUTE(F93,",",""))+1) | H93: B (optionnel) : car C (optionnel) : car | I93: oui | J93: 72 | K93: 72 | L93: 0 | M93: #2 Vehicle failure | N93: H3 | P93: TORC-SYSRQ-14127, TORC-SYSRQ-14130 | Q93: non | R93: SERYTI catalogue v1 (PROPOSED) | S93: PROPOSED
A94: FB-02 | B94: FB | C94: Dégradation sans accotement disponible | D94: La dégradation impose un arrêt alors qu'aucun accotement n'est utilisable. | E94: Highway | F94: HW-ESL | G94: =IF(F94="",0,LEN(F94)-LEN(SUBSTITUTE(F94,",",""))+1) | H94: C (optionnel) : car, tractor_trailer | I94: oui | J94: 64 | K94: 64 | L94: 0 | M94: #2 Vehicle failure | N94: H3 | P94: TORC-SYSRQ-14126, TORC-SYSRQ-14130 | Q94: non | R94: SERYTI catalogue v1 (PROPOSED) | S94: PROPOSED
A95: FB-03 | B95: FB | C95: Accotement occupé au point d'arrêt prévu | D95: Un véhicule est déjà arrêté là où le SDT voulait s'arrêter (sortie « shoulder blocked » de SYSRQ-14127). | E95: Highway | F95: HW-CSS | G95: =IF(F95="",0,LEN(F95)-LEN(SUBSTITUTE(F95,",",""))+1) | H95: S (obligatoire) : stopped_vehicle, tractor_trailer | I95: oui | J95: 48 | K95: 48 | L95: 0 | N95: H1, H2 | P95: TORC-SYSRQ-14127 | Q95: non | R95: SERYTI catalogue v1 (PROPOSED) | S95: PROPOSED
A96: FB-04 | B96: FB | C96: Arrêt en voie avec un suiveur rapide | D96: Le SDT s'arrête en voie alors qu'un véhicule arrive vite derrière. | E96: Highway | F96: HW-ESL | G96: =IF(F96="",0,LEN(F96)-LEN(SUBSTITUTE(F96,",",""))+1) | H96: C (obligatoire) : car, tractor_trailer | I96: oui | J96: 48 | K96: 48 | L96: 0 | M96: #23 Following vehicle making a maneuver | N96: H3 | P96: TORC-SYSRQ-14126, TORC-SYSRQ-14130 | Q96: non | R96: SERYTI catalogue v1 (PROPOSED) | S96: PROPOSED
A97: FB-05 | B97: FB | C97: Évitement latéral d'urgence, voie adjacente libre | D97: Obstacle découvert tard, la voie voisine est libre. | E97: Highway | F97: HW-ELM | G97: =IF(F97="",0,LEN(F97)-LEN(SUBSTITUTE(F97,",",""))+1) | H97: O (obligatoire) : lost_cargo, stopped_vehicle | I97: oui | J97: 24 | K97: 24 | L97: 0 | M97: #33 Evasive action with prior vehicle maneuver, #34 Evasive action without prior vehicle maneuver | N97: H2, H5 | Q97: non | R97: SERYTI catalogue v1 (PROPOSED) | S97: PROPOSED
A98: FB-06 | B98: FB | C98: Évitement latéral d'urgence, voie adjacente occupée | D98: Obstacle découvert tard, un véhicule occupe la voie voisine. | E98: Highway | F98: HW-ELM | G98: =IF(F98="",0,LEN(F98)-LEN(SUBSTITUTE(F98,",",""))+1) | H98: O (obligatoire) : lost_cargo, stopped_vehicle D (obligatoire) : car B (optionnel) : car | I98: oui | J98: 32 | K98: 32 | L98: 0 | M98: #33 Evasive action with prior vehicle maneuver | N98: H1, H2 | Q98: non | R98: SERYTI catalogue v1 (PROPOSED) | S98: PROPOSED
A99: FB-07 | B99: FB | C99: Commande d'arrêt en voie à distance (HICD) | D99: Un opérateur demande un arrêt en voie (MRM-E). | E99: Highway | F99: HW-ESL, URB-SIL | G99: =IF(F99="",0,LEN(F99)-LEN(SUBSTITUTE(F99,",",""))+1) | H99: C (optionnel) : car | I99: oui | J99: 8 | K99: 8 | L99: 0 | N99: H3 | P99: TORC-FSR-3752, TORC-SYSRQ-14126 | Q99: non | R99: SERYTI catalogue v1 (PROPOSED) | S99: PROPOSED
A100: FB-08 | B100: FB | C100: Reprise de la circulation après un arrêt sur l'accotement | D100: Le SDT repart de l'accotement et s'insère dans le trafic. | E100: Highway | F100: HW-CSS | G100: =IF(F100="",0,LEN(F100)-LEN(SUBSTITUTE(F100,",",""))+1) | I100: jalon 2 | N100: H1, H3 | P100: TORC-SYSRQ-14127 | Q100: non | R100: SERYTI catalogue v1 (PROPOSED) | S100: PROPOSED
A101: URB-01 | B101: URB | C101: Feu vert, traversée tout droit | D101: Le SDT traverse une intersection à feux au vert. | E101: Urban | F101: URB-STR | G101: =IF(F101="",0,LEN(F101)-LEN(SUBSTITUTE(F101,",",""))+1) | I101: jalon 2 | N101: H2 | Q101: non | R101: SERYTI catalogue v1 (PROPOSED) | S101: PROPOSED
...

Sheet Matrice
A1: Matrice Behavior × Abstract
A2: Lettre = intention du SDT pour ce behavior (K, L, M, S, I, E). « 2 » = lien prévu, génération au jalon 2.
A4: ID | B4: Abstract | C4: HW-CRU | D4: HW-FOL | E4: HW-LC | F4: HW-ONR | G4: HW-OFR | H4: HW-CSS | I4: HW-ESL | J4: HW-ELM | K4: URB-CRU | L4: URB-FOL | M4: URB-LC | N4: URB-XWK | O4: URB-TRN | P4: URB-STR | Q4: URB-SIL | R4: URB-ELM | S4: HUB-LSD | T4: HUB-DCK | U4: HUB-PUL | V4: HUB-AVD | W4: HUB-EST | X4: Nb behaviors
A5: LV · Véhicule leader dans la voie du SDT
A6: LV-01 | B6: Route libre, aucun leader | C6: K | K6: K | X6: =COUNTA(C6:W6)
A7: LV-02 | B7: Leader plus lent à vitesse constante | C7: K | D7: K | L7: K | X7: =COUNTA(C7:W7)
A8: LV-03 | B8: Leader qui décélère modérément | D8: K | L8: K | X8: =COUNTA(C8:W8)
A9: LV-04 | B9: Leader qui freine fort | D9: K | I9: I | J9: E | L9: K | X9: =COUNTA(C9:W9)
A10: LV-05 | B10: Leader arrêté (fin de bouchon, véhicule arrêté) | C10: K | D10: K | E10: L | I10: I | J10: E | L10: K | X10: =COUNTA(C10:W10)
A11: LV-06 | B11: Leader qui accélère et s'éloigne | D11: K | L11: K | X11: =COUNTA(C11:W11)
A12: LV-07 | B12: Accordéon (stop-and-go) | D12: K | L12: K | X12: =COUNTA(C12:W12)
A13: LV-08 | B13: Leader au comportement erratique | D13: K | X13: =COUNTA(C13:W13)
A14: LV-09 | B14: Moto en leader | C14: K | D14: K | X14: =COUNTA(C14:W14)
A15: LV-10 | B15: Leader camion qui masque la vue | D15: K | I15: I | X15: =COUNTA(C15:W15)
A16: LV-11 | B16: Le leader change de voie et libère la voie (cut-out) | C16: K | D16: K | X16: =COUNTA(C16:W16)
A17: CI · Insertion devant le SDT (cut-in)
A18: CI-01 | B18: Cut-in depuis la gauche, gap suffisant | C18: K | D18: K | L18: K | X18: =COUNTA(C18:W18)
A19: CI-02 | B19: Cut-in serré depuis la gauche | C19: K | D19: K | I19: I | X19: =COUNTA(C19:W19)
A20: CI-03 | B20: Cut-in depuis la droite | C20: K | D20: K | X20: =COUNTA(C20:W20)
A21: CI-04 | B21: Cut-in d'un véhicule plus lent | C21: K | D21: K | X21: =COUNTA(C21:W21)
A22: CI-05 | B22: Cut-in d'un semi-remorque | C22: K | D22: K | X22: =COUNTA(C22:W22)
A23: CI-06 | B23: Insertion depuis la bretelle devant le SDT | C23: K | D23: K | X23: =COUNTA(C23:W23)
A24: CI-07 | B24: Brake-check après un rabattement | D24: K | I24: I | X24: =COUNTA(C24:W24)
A25: CI-08 | B25: Deux véhicules se rabattent l'un après l'autre | C25: K | D25: K | X25: =COUNTA(C25:W25)
A26: ADJ · Véhicules adjacents
A27: ADJ-01 | B27: Véhicule adjacent qui dérive vers le SDT | C27: K | D27: K | J27: E | X27: =COUNTA(C27:W27)
A28: ADJ-02 | B28: Semi adjacent dont la remorque louvoie | C28: K | D28: K | X28: =COUNTA(C28:W28)
A29: ADJ-03 | B29: Moto qui remonte les files | C29: K | D29: K | X29: =COUNTA(C29:W29)
A30: ADJ-04 | B30: Dépassement rapide et serré | C30: K | D30: K | X30: =COUNTA(C30:W30)
A31: ADJ-05 | B31: Convoi lent dans la voie adjacente | C31: K | D31: K | E31: L | X31: =COUNTA(C31:W31)
A32: ADJ-06 | B32: Véhicule adjacent qui serre la ligne (lane hugger) | C32: K | D32: K | E32: L | X32: =COUNTA(C32:W32)
A33: ADJ-07 | B33: File de véhicules arrêtés dans la voie adjacente | C33: K | D33: K | E33: L | X33: =COUNTA(C33:W33)
A34: LC-NOM · Changement de voie nominal
A35: LC-NOM-01 | B35: lane change free target lane | E35: L | M35: L | X35: =COUNTA(C35:W35)
A36: LC-NOM-02 | B36: lane change into gap with surrounding traffic | E36: L | M36: L | X36: =COUNTA(C36:W36)
A37: LC-NOM-03 | B37: overtake slow lead | E37: L | X37: =COUNTA(C37:W37)
A38: LC-NOM-04 | B38: return lane after overtake | E38: L | X38: =COUNTA(C38:W38)
A39: LC-TGT · Trafic dans la voie cible
A40: LC-TGT-01 | B40: lane change with fast rear approach | E40: L | M40: L | X40: =COUNTA(C40:W40)
A41: LC-TGT-02 | B41: lane change with simultaneous merge from far lane | E41: L | X41: =COUNTA(C41:W41)
A42: LC-TGT-03 | B42: lane change with closing gap | E42: L | F42: L | X42: =COUNTA(C42:W42)
A43: LC-TGT-04 | B43: lane change with target lead braking | E43: L | X43: =COUNTA(C43:W43)
A44: LC-TGT-05 | B44: lane change with vehicle alongside trailer | E44: L | X44: =COUNTA(C44:W44)
A45: LC-TGT-06 | B45: lane change with motorcycle in blind spot | E45: L | X45: =COUNTA(C45:W45)
A46: LC-TGT-07 | B46: lane change next to large or unstable vehicle | C46: K | D46: K | E46: L | X46: =COUNTA(C46:W46)
A47: LC-CUR · Événement dans la voie d'origine pendant le changement de voie
A48: LC-CUR-01 | B48: lane change with origin lead braking | E48: L | M48: L | X48: =COUNTA(C48:W48)
A49: LC-CUR-02 | B49: evasive lane change after lead cut out | C49: K | D49: K | E49: L | I49: I | J49: E | X49: =COUNTA(C49:W49)
A50: LC-CUR-03 | B50: lane change with tailgating follower | E50: L | X50: =COUNTA(C50:W50)
A51: RMP · Bretelles : insertion, sortie, entrecroisement
A52: RMP-01 | B52: Insertion : gap accepté en fin de voie d'accélération | F52: L | X52: =COUNTA(C52:W52)
A53: RMP-02 | B53: Insertion : voie d'accélération courte | F53: L | X53: =COUNTA(C53:W53)
A54: RMP-03 | B54: Insertion : voie principale saturée | F54: L | X54: =COUNTA(C54:W54)
A55: RMP-04 | B55: Insertion : véhicule lent ou arrêté devant sur la bretelle | F55: L | X55: =COUNTA(C55:W55)
A56: RMP-05 | B56: Insertion : un véhicule de la voie principale se décale | F56: L | X56: =COUNTA(C56:W56)
A57: RMP-06 | B57: Sortie : file d'attente sur la bretelle | D57: K | G57: K | X57: =COUNTA(C57:W57)
A58: RMP-07 | B58: Sortie manquée faute de gap | G58: L | X58: =COUNTA(C58:W58)
A59: RMP-08 | B59: Sortie : virage serré de la bretelle | G59: K | X59: =COUNTA(C59:W59)
A60: RMP-09 | B60: Véhicule qui coupe le musoir au dernier moment | C60: K | D60: K | G60: K | X60: =COUNTA(C60:W60)
A61: RMP-10 | B61: Sortie : rampe en marche arrière ou véhicule qui recule | G61: 2 | H61: 2 | X61: =COUNTA(C61:W61)
A62: RMP-11 | B62: Le leader quitte l'autoroute par la sortie | C62: K | D62: K | X62: =COUNTA(C62:W62)
A63: RMP-12 | B63: Convoi qui s'insère depuis la bretelle | C63: K | D63: K | E63: L | X63: =COUNTA(C63:W63)
A64: RMP-13 | B64: Insertion du SDT pendant qu'un véhicule sort par la voie d'accélération | F64: L | X64: =COUNTA(C64:W64)
A65: RMP-14 | B65: Insertion : bretelle d'accès en courbe et en pente | F65: L | X65: =COUNTA(C65:W65)
A66: LC-RD · Changement de voie imposé par la route
A67: LC-RD-01 | B67: mandatory lane change lane drop | C67: L | E67: L | X67: =COUNTA(C67:W67)
A68: LC-RD-02 | B68: lane change in work zone lane closure | C68: K | D68: K | E68: L | X68: =COUNTA(C68:W68)
A69: LC-RD-03 | B69: lane change in weave section | E69: L | F69: L | X69: =COUNTA(C69:W69)
A70: LC-RD-04 | B70: mandatory lane change for exit | E70: L | G70: L | X70: =COUNTA(C70:W70)
A71: LC-RD-05 | B71: lane change to yield to merging traffic | C71: K | D71: K | E71: L | X71: =COUNTA(C71:W71)
A72: LC-RD-06 | B72: lane change with degraded lane markings | C72: K | D72: K | E72: L | X72: =COUNTA(C72:W72)
A73: LC-RD-07 | B73: lane change on curve or grade | C73: K | D73: K | E73: L | X73: =COUNTA(C73:W73)
A74: LC-RD-08 | B74: lane change with map lane mismatch | C74: K | E74: L | X74: =COUNTA(C74:W74)
A75: RD · Route et infrastructure
A76: RD-09 | B76: Voie plus étroite que 3,5 m | C76: K | D76: K | X76: =COUNTA(C76:W76)
A77: RD-10 | B77: Changement de limite de vitesse | C77: K | D77: K | X77: =COUNTA(C77:W77)
A78: RD-11 | B78: Pas d'accotement (pont, viaduc) | H78: S | I78: I | X78: =COUNTA(C78:W78)
A79: RD-12 | B79: Rafale de vent latéral | C79: K | D79: K | E79: L | X79: =COUNTA(C79:W79)
A80: RD-13 | B80: Forte descente avec charge lourde | C80: K | D80: K | H80: S | I80: I | X80: =COUNTA(C80:W80)
A81: RD-14 | B81: Courbe avec véhicule dans la voie voisine | C81: K | D81: K | E81: L | X81: =COUNTA(C81:W81)
A82: EMV · Véhicules d'urgence
A83: EMV-03 | B83: Véhicule d'urgence dans la congestion | D83: K | H83: S | X83: =COUNTA(C83:W83)
A84: EMV-04 | B84: Policier qui suit le SDT plus de 20 s | H84: S | X84: =COUNTA(C84:W84)
A85: EMV-05 | B85: Véhicule d'urgence arrêté dans la voie | D85: K | E85: L | I85: I | X85: =COUNTA(C85:W85)
A86: EMV-06 | B86: Poursuite policière qui dépasse le SDT | C86: K | D86: K | X86: =COUNTA(C86:W86)
A87: LC-OOD · Événements hors ODD demandant un changement de voie
A88: LC-OOD-01 | B88: move over for stopped emv on shoulder | C88: M | D88: M | E88: L | X88: =COUNTA(C88:W88)
A89: LC-OOD-02 | B89: yield lane to approaching emv | C89: L | D89: L | E89: L | H89: S | X89: =COUNTA(C89:W89)
A90: LC-OOD-03 | B90: lane change with object in target lane | E90: L | X90: =COUNTA(C90:W90)
A91: LC-OOD-04 | B91: lane change at crash scene | C91: K | D91: K | E91: L | H91: S | I91: I | X91: =COUNTA(C91:W91)
A92: LC-REF-01 | B92: lane change for stopped vehicle on shoulder | C92: M | D92: M | E92: L | X92: =COUNTA(C92:W92)
A93: OBJ · Objets et usagers inattendus sur la chaussée
A94: OBJ-01 | B94: Petit débris franchissable dans la voie | C94: K | D94: K | X94: =COUNTA(C94:W94)
A95: OBJ-02 | B95: Chargement perdu ou gros débris dans la voie | D95: K | E95: L | H95: S | I95: I | J95: E | X95: =COUNTA(C95:W95)
A96: OBJ-03 | B96: Véhicule en panne qui déborde de l'accotement | C96: K | D96: K | E96: L | X96: =COUNTA(C96:W96)
A97: OBJ-04 | B97: Animal sur la chaussée | C97: K | D97: K | I97: I | J97: E | X97: =COUNTA(C97:W97)
A98: OBJ-05 | B98: Piéton sur l'autoroute | C98: K | D98: K | H98: S | I98: I | X98: =COUNTA(C98:W98)
A99: OBJ-06 | B99: Objet qui apparaît soudainement près du SDT | C99: K | D99: K | I99: I | J99: E | X99: =COUNTA(C99:W99)
A100: AB · Comportements anormaux des autres usagers
A101: AB-01 | B101: Conducteur à contresens | H101: 2 | I101: 2 | J101: 2 | X101: =COUNTA(C101:W101)
...

Sheet Behaviors
A1: Behaviors (Behavior Table Jama) et leur catalogue
A2: Définition Jama : export « Driver Out 2026 SDT Requirements » du 26/03/2026 (Highway seulement).
A4: Code | B4: Use case | C4: Behavior | D4: DDT / DDT-F | E4: Catégories | F4: Intention du SDT | G4: Définition Jama | H4: Statut Jama | I4: Nb abstracts | J4: Concrets retenus | K4: Texte de la définition
A5: HW-CRU | B5: Highway | C5: Lane-Centered Cruise | D5: DDT | E5: Safety, Traffic compliance | F5: keep_lane | G5: TORC-SYSRQ-10155 | H5: Review | I5: =Matrice!C143 | J5: 6480 | K5: Maintain steady longitudinal speed and lateral position within the current lane on a highway when no immediate interaction, routing, or tactical maneuver is required. This is the default steady-state driving behavior. Intent Maintain progress while complying with traffic rules and ensuring dynamic stability. Entry Condition SDT is in robotic mode. SDT is on a highway lane segment with valid lane geometry. SDT is driving in a lane with visible lane markings on both sides of the SDT. Interior lane width is greater than or equal to 3.5 m. Minimum horizontal radius of curvature is 450 m. No lead vehicle requiring active following behavior within engagement distance. No mandatory routing event (exit, merge, lane drop) within the planning horizon. No higher-priority interaction or fallback behavior is active. Exit Condition A lead vehicle enters the following engagement range. A mandatory or discretionary lane change becomes active. An on-ramp merge, off-ramp exit, or hazard requires behavior transition. System health degradation requires fallback (includes unclear lane marking/ low confidence in Lane marking perception). Out of ODD conditions.
A6: HW-FOL | B6: Highway | C6: Lane-Centered Adaptive Follow | D6: DDT | E6: Safety, Efficiency | F6: keep_lane | G6: TORC-SYSRQ-14122 | H6: Draft | I6: =Matrice!D143 | J6: 7422 | K6: Description Regulate longitudinal motion to maintain a safe, comfortable, and legally compliant distance behind a lead vehicle traveling in the same lane. Intent Reduce collision risk while maintaining reasonable traffic flow and compliance with following-distance expectations. Entry Condition A lead vehicle is detected and tracked in the ego lane with sufficient confidence. Headway or distance falls below the cruise disengagement threshold. Ego vehicle remains lane-aligned with the lead vehicle. Exit Condition Lead vehicle exits the lane or exceeds disengagement distance. Ego initiates a lane change or overtake. Route event or merge/exit behavior becomes active. Tracking confidence drops below acceptable threshold.
A7: HW-LC | B7: Highway | C7: Lane Changes / Overtaking | D7: DDT | E7: Safety, Traffic compliance, Efficiency, Courtesy | F7: lane_change | G7: TORC-SYSRQ-14123 | H7: Draft | I7: =Matrice!E143 | J7: 8650 | K7: Description Transition laterally to an adjacent lane to improve progress or satisfy routing requirements, including gap assessment, signaling, execution, and stabilization. Intent Improve progress or satisfy route constraints while maintaining safety, legality, and predictability. Entry Condition Adjacent lane exists and lane change is permitted. Discretionary trigger: lead vehicle significantly slower than desired speed. Mandatory trigger: lane drop, exit preparation, or obstacle ahead. Adjacent-lane traffic is sufficiently observable for gap assessment. Exit Condition Ego vehicle is fully established and stable in the target lane. Lane change is safely aborted and ego remains in original lane. Behavior transitions into adaptive follow or lane-centered cruise.
A8: HW-ONR | B8: Highway | C8: On-Ramp Merge | D8: DDT | E8: Safety, Traffic compliance, Efficiency, Courtesy | F8: lane_change | G8: TORC-SYSRQ-14124 | H8: Draft | I8: =Matrice!F143 | J8: 3296 | K8: Description Enter highway mainline traffic from an on-ramp by identifying a suitable gap, adjusting speed accordingly, and merging laterally within the merge zone. Intent Join the highway flow safely, legally and efficiently while minimizing disruption to mainline traffic. Entry Condition Ego vehicle is on an on-ramp approaching a merge area. Mainline traffic is detected and tracked with sufficient confidence. Route requires highway entry. Ego vehicle is capable of reaching the entry ramp lane within safe bounds. Exit Condition Ego vehicle is fully merged and stabilized in the mainline lane (transitions to Lane-Centered Cruise or Adaptive Follow). Merge is aborted and ego vehicle reaches desired safe state (stops or holds at end of acceleration lane or pulls over to the should if shoulder available). Emergency maneuver is triggered.
A9: HW-OFR | B9: Highway | C9: Off-Ramp Exit | D9: DDT | E9: Safety, Courtesy | F9: lane_change | G9: TORC-SYSRQ-14125 | H9: Draft | I9: =Matrice!G143 | J9: 588 | K9: Description Navigate the ego vehicle from the mainline highway lane into an off-ramp exit lane, following the planned route and executing the lateral transition within the designated exit zone. Intent Exit the highway safely and predictably, maintaining compliance with lane geometry and speed limits. Entry Condition Route plan requires the next off-ramp exit. Ego vehicle is within the pre-exit planning horizon. Off-ramp entry geometry is detected and confirmed. Ego vehicle is capable of reaching the exit lane within safe bounds. Exit Condition Ego vehicle is fully positioned in the off-ramp lane and decelerating (behavior transitions to urban or surface street behavior). Exit is missed and a re-route is required. Emergency maneuver preempts the exit.
A10: HW-CSS | B10: Highway | C10: Controlled Stop on Shoulder | D10: DDT-F | E10: Safety, Traffic compliance | F10: stop_on_shoulder | G10: TORC-SYSRQ-14127 | H10: Draft | I10: =Matrice!H143 | J10: 932 | K10: Description Execute a controlled, deliberate deceleration and lateral transition to bring the ego vehicle to a stop on the highway shoulder or emergency stopping lane, in response to a planned or reactive need to exit the travel lane safely. Intent Bring the vehicle to a safe, stable stop outside the travel lane with minimal risk to occupants and other road users. Entry Condition A DDT-F condition or planned stop event requires the ego to exit the travel lane. A shoulder or emergency stopping area is available and geometrically valid. No higher-priority emergency maneuver is active. Exit Condition Shoulder or emergency stopping area is blocked or unavailable. Ego vehicle resumes travel lane behavior after stopping related condition is cleared. Another emergency maneuver overrides the controlled stop.
A11: HW-ESL | B11: Highway | C11: Emergency Stop in Lane | D11: DDT-F | E11: Safety | F11: stop_in_lane | G11: TORC-SYSRQ-14126 | H11: Review | I11: =Matrice!I143 | J11: 872 | K11: Description Execute an immediate, controlled deceleration to bring the ego vehicle to a stop within its current travel lane in response to a critical failure or imminent hazard that precludes transitioning to Stop on shoulder. Intent Bring the vehicle to a safe stop as quickly as practicable while minimizing collision risk. Entry Condition A critical DDT-F condition requires an immediate stop and shoulder transition is not possible. A hazard or system failure precludes continued travel. Exit Condition Ego vehicle is stopped in lane with hazard lights active. Ego vehicle resumes travel lane behavior after stopping related condition is cleared. Another emergency maneuver overrides the controlled stop. Emergency services or remote operator intervention is signaled. Link to Behavior Page: https://torc.atlassian.net/wiki/pages/resumedraft.action?draftId=2915696704
A12: HW-ELM | B12: Highway | C12: Emergency Lateral Motion | D12: DDT-F | E12: Safety, Traffic compliance | F12: emergency_lateral | I12: =Matrice!J143 | J12: 368
A13: URB-CRU | B13: Urban | C13: Lane-Centered Cruise | D13: DDT | E13: Safety, Traffic compliance | F13: keep_lane | I13: =Matrice!K143 | J13: 122
A14: URB-FOL | B14: Urban | C14: Lane-Centered Adaptive Follow | D14: DDT | E14: Safety, Traffic compliance | F14: keep_lane | I14: =Matrice!L143 | J14: 1040
A15: URB-LC | B15: Urban | C15: Lane Changes / Overtaking | D15: DDT | E15: Safety, Traffic compliance | F15: lane_change | I15: =Matrice!M143 | J15: 1730
A16: URB-XWK | B16: Urban | C16: Crosswalk Yield | D16: DDT | E16: Safety, Traffic compliance, Courtesy | F16: keep_lane | I16: =Matrice!N143 | J16: 0
A17: URB-TRN | B17: Urban | C17: Protected/Unprotected Turn at Intersection | D17: DDT | E17: Safety, Traffic compliance, Courtesy | F17: keep_lane | I17: =Matrice!O143 | J17: 0
A18: URB-STR | B18: Urban | C18: Going Straight through Protected/Unprotected Intersection | D18: DDT | E18: Safety, Traffic compliance, Courtesy | F18: keep_lane | I18: =Matrice!P143 | J18: 0
A19: URB-SIL | B19: Urban | C19: Stop in Lane | D19: DDT / DDT-F | E19: Safety, Traffic compliance | F19: stop_in_lane | I19: =Matrice!Q143 | J19: 20
A20: URB-ELM | B20: Urban | C20: Emergency Lateral Motion | D20: DDT-F | E20: Safety, Traffic compliance, Courtesy | F20: emergency_lateral | I20: =Matrice!R143 | J20: 0
A21: HUB-LSD | B21: Hub | C21: Low-Speed Driving | D21: DDT | E21: Safety, Traffic compliance | F21: keep_lane | I21: =Matrice!S143 | J21: 0
A22: HUB-DCK | B22: Hub | C22: Docking / Parking | D22: DDT | E22: Safety, Efficiency | F22: keep_lane | I22: =Matrice!T143 | J22: 0
A23: HUB-PUL | B23: Hub | C23: Pull-Out / Departure | D23: DDT | E23: Safety, Efficiency, Courtesy | F23: keep_lane | I23: =Matrice!U143 | J23: 0
A24: HUB-AVD | B24: Hub | C24: Asset Avoidance / Shared-Space Crawl | D24: DDT | E24: Safety, Efficiency | F24: keep_lane | I24: =Matrice!V143 | J24: 0
A25: HUB-EST | B25: Hub | C25: Emergency Stop | D25: DDT | E25: Safety, Traffic compliance, Efficiency | F25: stop_in_lane | I25: =Matrice!W143 | J25: 0

Sheet Justification HIRE
A1: Justification de chaque lien abstract → behavior par le HIRE v2
A2: Une ligne par lien. Lignes HIRE : les premières sont celles de la condition ODD de l'abstract, puis les conditions nominales.
A4: Abstract | B4: Titre | C4: Behavior | D4: Niveau | E4: Origine du lien | F4: Pourquoi | G4: Hazards | H4: Commandes sollicitées | I4: Nb lignes HIRE | J4: Lignes HIRE v2 (10 premières) | K4: HFS | L4: Condition ODD dans le HIRE | M4: Condition ODD absente du HIRE
A5: LV-01 | B5: Route libre, aucun leader | C5: HW-CRU | D5: justifié | E5: catalogue SERYTI | F5: Le HIRE de HW-CRU relie une déviation de commande sollicitée par la scène (Steering command) au hazard de l'abstract (H1, H5) | G5: H1 Side collision, H5 Loss of stability / control | H5: Steering command | I5: 40 | J5: HW_ Lane-Centered Cruise_Excessive Steering_01 HW_ Lane-Centered Cruise_Excessive Steering_02 HW_ Lane-Centered Cruise_Excessive Steering_03 HW_ Lane-Centered Cruise_Excessive Steering_04 HW_ Lane-Centered Cruise_Insufficient Steering_01 HW_ Lane-Centered Cruise_Insufficient Steering_03 HW_ Lane-Centered Cruise_Insufficient Steering_04 HW_ Lane-Centered Cruise_No Steering_01 HW_ Lane-Centered Cruise_No Steering_03 HW_ Lane-Centered Cruise_No Steering_04 | K5: HFS-029, HFS-033
A6: LV-01 | B6: Route libre, aucun leader | C6: URB-CRU | D6: justifié | E6: catalogue SERYTI | F6: Le HIRE de URB-CRU relie une déviation de commande sollicitée par la scène (Steering command) au hazard de l'abstract (H1, H5) | G6: H1 Side collision, H5 Loss of stability / control | H6: Steering command | I6: 20 | J6: URB_ Lane-Centered Cruise_Excessive Steering_01 URB_ Lane-Centered Cruise_Excessive Steering_02 URB_ Lane-Centered Cruise_Excessive Steering_03 URB_ Lane-Centered Cruise_Excessive Steering_04 URB_ Lane-Centered Cruise_Insufficient Steering_01 URB_ Lane-Centered Cruise_Insufficient Steering_03 URB_ Lane-Centered Cruise_Insufficient Steering_04 URB_ Lane-Centered Cruise_No Steering_01 URB_ Lane-Centered Cruise_No Steering_03 URB_ Lane-Centered Cruise_No Steering_04 | K6: HFS-075, HFS-079
A7: LV-02 | B7: Leader plus lent à vitesse constante | C7: HW-CRU | D7: justifié | E7: catalogue SERYTI | F7: Le HIRE de HW-CRU relie une déviation de commande sollicitée par la scène (Acceleration command, Deceleration command) au hazard de l'abstract (H2) | G7: H2 Front collision | H7: Acceleration command, Deceleration command | I7: 17 | J7: HW_ Lane-Centered Cruise_Excessive Acceleration_01 HW_ Lane-Centered Cruise_Excessive Acceleration_02 HW_ Lane-Centered Cruise_Excessive Acceleration_04 HW_ Lane-Centered Cruise_Insufficient Deceleration_01 HW_ Lane-Centered Cruise_Insufficient Deceleration_03 HW_ Lane-Centered Cruise_No Deceleration_01 HW_ Lane-Centered Cruise_No Deceleration_04 HW_ Lane-Centered Cruise_Unintended Acceleration_01 HW_ Lane-Centered Cruise_Unintended Acceleration_02 HW_ Lane-Centered Cruise_Unintended Acceleration_04 | K7: HFS-030
A8: LV-02 | B8: Leader plus lent à vitesse constante | C8: HW-FOL | D8: justifié | E8: catalogue SERYTI | F8: Le HIRE de HW-FOL relie une déviation de commande sollicitée par la scène (Acceleration command, Deceleration command) au hazard de l'abstract (H2) | G8: H2 Front collision | H8: Acceleration command, Deceleration command | I8: 24 | J8: HW_ Lane-Centered Adaptive Follow_Excessive Acceleration_01 HW_ Lane-Centered Adaptive Follow_Excessive Acceleration_02 HW_ Lane-Centered Adaptive Follow_Excessive Acceleration_04 HW_ Lane-Centered Adaptive Follow_Insufficient Deceleration_01 HW_ Lane-Centered Adaptive Follow_Insufficient Deceleration_03 HW_ Lane-Centered Adaptive Follow_No Deceleration_01 HW_ Lane-Centered Adaptive Follow_No Deceleration_04 HW_ Lane-Centered Adaptive Follow_Unintended Acceleration_01 HW_ Lane-Centered Adaptive Follow_Unintended Acceleration_02 HW_ Lane-Centered Adaptive Follow_Unintended Acceleration_04 | K8: HFS-025
A9: LV-02 | B9: Leader plus lent à vitesse constante | C9: URB-FOL | D9: justifié | E9: catalogue SERYTI | F9: Le HIRE de URB-FOL relie une déviation de commande sollicitée par la scène (Acceleration command, Deceleration command) au hazard de l'abstract (H2) | G9: H2 Front collision | H9: Acceleration command, Deceleration command | I9: 10 | J9: URB_ Lane-Centered Adaptive Follow_Excessive Acceleration_01 URB_ Lane-Centered Adaptive Follow_Excessive Acceleration_02 URB_ Lane-Centered Adaptive Follow_Excessive Acceleration_04 URB_ Lane-Centered Adaptive Follow_Insufficient Deceleration_01 URB_ Lane-Centered Adaptive Follow_Insufficient Deceleration_03 URB_ Lane-Centered Adaptive Follow_No Deceleration_01 URB_ Lane-Centered Adaptive Follow_No Deceleration_04 URB_ Lane-Centered Adaptive Follow_Unintended Acceleration_01 URB_ Lane-Centered Adaptive Follow_Unintended Acceleration_02 URB_ Lane-Centered Adaptive Follow_Unintended Acceleration_04 | K9: HFS-071
A10: LV-03 | B10: Leader qui décélère modérément | C10: HW-FOL | D10: justifié | E10: catalogue SERYTI | F10: Le HIRE de HW-FOL relie une déviation de commande sollicitée par la scène (Acceleration command, Deceleration command) au hazard de l'abstract (H2) | G10: H2 Front collision | H10: Acceleration command, Brake Lights command, Deceleration command | I10: 24 | J10: HW_ Lane-Centered Adaptive Follow_Excessive Acceleration_01 HW_ Lane-Centered Adaptive Follow_Excessive Acceleration_02 HW_ Lane-Centered Adaptive Follow_Excessive Acceleration_04 HW_ Lane-Centered Adaptive Follow_Insufficient Deceleration_01 HW_ Lane-Centered Adaptive Follow_Insufficient Deceleration_03 HW_ Lane-Centered Adaptive Follow_No Deceleration_01 HW_ Lane-Centered Adaptive Follow_No Deceleration_04 HW_ Lane-Centered Adaptive Follow_Unintended Acceleration_01 HW_ Lane-Centered Adaptive Follow_Unintended Acceleration_02 HW_ Lane-Centered Adaptive Follow_Unintended Acceleration_04 | K10: HFS-025
A11: LV-03 | B11: Leader qui décélère modérément | C11: URB-FOL | D11: justifié | E11: catalogue SERYTI | F11: Le HIRE de URB-FOL relie une déviation de commande sollicitée par la scène (Acceleration command, Deceleration command) au hazard de l'abstract (H2) | G11: H2 Front collision | H11: Acceleration command, Brake Lights command, Deceleration command | I11: 10 | J11: URB_ Lane-Centered Adaptive Follow_Excessive Acceleration_01 URB_ Lane-Centered Adaptive Follow_Excessive Acceleration_02 URB_ Lane-Centered Adaptive Follow_Excessive Acceleration_04 URB_ Lane-Centered Adaptive Follow_Insufficient Deceleration_01 URB_ Lane-Centered Adaptive Follow_Insufficient Deceleration_03 URB_ Lane-Centered Adaptive Follow_No Deceleration_01 URB_ Lane-Centered Adaptive Follow_No Deceleration_04 URB_ Lane-Centered Adaptive Follow_Unintended Acceleration_01 URB_ Lane-Centered Adaptive Follow_Unintended Acceleration_02 URB_ Lane-Centered Adaptive Follow_Unintended Acceleration_04 | K11: HFS-071
A12: LV-04 | B12: Leader qui freine fort | C12: HW-FOL | D12: justifié | E12: catalogue SERYTI | F12: Le HIRE de HW-FOL relie une déviation de commande sollicitée par la scène (Acceleration command, Deceleration command) au hazard de l'abstract (H2) | G12: H2 Front collision | H12: Acceleration command, Brake Lights command, Deceleration command | I12: 24 | J12: HW_ Lane-Centered Adaptive Follow_Excessive Acceleration_01 HW_ Lane-Centered Adaptive Follow_Excessive Acceleration_02 HW_ Lane-Centered Adaptive Follow_Excessive Acceleration_04 HW_ Lane-Centered Adaptive Follow_Insufficient Deceleration_01 HW_ Lane-Centered Adaptive Follow_Insufficient Deceleration_03 HW_ Lane-Centered Adaptive Follow_No Deceleration_01 HW_ Lane-Centered Adaptive Follow_No Deceleration_04 HW_ Lane-Centered Adaptive Follow_Unintended Acceleration_01 HW_ Lane-Centered Adaptive Follow_Unintended Acceleration_02 HW_ Lane-Centered Adaptive Follow_Unintended Acceleration_04 | K12: HFS-025
A13: LV-04 | B13: Leader qui freine fort | C13: HW-ESL | D13: justifié | E13: catalogue SERYTI | F13: Le HIRE de HW-ESL relie une déviation de commande sollicitée par la scène (Acceleration command, Deceleration command) au hazard de l'abstract (H2) | G13: H2 Front collision | H13: Acceleration command, Brake Lights command, Deceleration command, Hazard Lights command | I13: 4 | J13: HW_ Emergency Stop in Lane_Excessive Acceleration_01 HW_ Emergency Stop in Lane_No Deceleration_01 HW_ Emergency Stop in Lane_No Deceleration_03 HW_ Emergency Stop in Lane_Unintended Acceleration_01 | K13: HFS-015
A14: LV-04 | B14: Leader qui freine fort | C14: HW-ELM | D14: justifié | E14: catalogue SERYTI | F14: Le HIRE de HW-ELM relie une déviation de commande sollicitée par la scène (Acceleration command, Deceleration command) au hazard de l'abstract (H2) | G14: H2 Front collision | H14: Acceleration command, Brake Lights command, Deceleration command, Hazard Lights command, Steering command, Turn Signal command | I14: 4 | J14: HW_ Emergency Lateral Motion_Excessive Acceleration_01 HW_ Emergency Lateral Motion_No Deceleration_01 HW_ Emergency Lateral Motion_No Deceleration_03 HW_ Emergency Lateral Motion_Unintended Acceleration_01 | K14: HFS-009
A15: LV-04 | B15: Leader qui freine fort | C15: URB-FOL | D15: justifié | E15: catalogue SERYTI | F15: Le HIRE de URB-FOL relie une déviation de commande sollicitée par la scène (Acceleration command, Deceleration command) au hazard de l'abstract (H2) | G15: H2 Front collision | H15: Acceleration command, Brake Lights command, Deceleration command | I15: 10 | J15: URB_ Lane-Centered Adaptive Follow_Excessive Acceleration_01 URB_ Lane-Centered Adaptive Follow_Excessive Acceleration_02 URB_ Lane-Centered Adaptive Follow_Excessive Acceleration_04 URB_ Lane-Centered Adaptive Follow_Insufficient Deceleration_01 URB_ Lane-Centered Adaptive Follow_Insufficient Deceleration_03 URB_ Lane-Centered Adaptive Follow_No Deceleration_01 URB_ Lane-Centered Adaptive Follow_No Deceleration_04 URB_ Lane-Centered Adaptive Follow_Unintended Acceleration_01 URB_ Lane-Centered Adaptive Follow_Unintended Acceleration_02 URB_ Lane-Centered Adaptive Follow_Unintended Acceleration_04 | K15: HFS-071
A16: LV-05 | B16: Leader arrêté (fin de bouchon, véhicule arrêté) | C16: HW-CRU | D16: justifié | E16: catalogue SERYTI | F16: Le HIRE de HW-CRU relie une déviation de commande sollicitée par la scène (Acceleration command, Deceleration command) au hazard de l'abstract (H2) | G16: H2 Front collision | H16: Acceleration command, Brake Lights command, Deceleration command | I16: 17 | J16: HW_ Lane-Centered Cruise_Deceleration too late_03 HW_ Lane-Centered Cruise_Excessive Acceleration_01 HW_ Lane-Centered Cruise_Excessive Acceleration_02 HW_ Lane-Centered Cruise_Excessive Acceleration_04 HW_ Lane-Centered Cruise_Insufficient Deceleration_01 HW_ Lane-Centered Cruise_Insufficient Deceleration_03 HW_ Lane-Centered Cruise_No Deceleration_01 HW_ Lane-Centered Cruise_No Deceleration_04 HW_ Lane-Centered Cruise_Unintended Acceleration_01 HW_ Lane-Centered Cruise_Unintended Acceleration_02 | K16: HFS-030 | L16: [Out-of-ODD] Disabled / stopped vehicle in lane or shoulder
A17: LV-05 | B17: Leader arrêté (fin de bouchon, véhicule arrêté) | C17: HW-FOL | D17: justifié | E17: catalogue SERYTI | F17: Le HIRE de HW-FOL relie une déviation de commande sollicitée par la scène (Acceleration command, Deceleration command) au hazard de l'abstract (H2) | G17: H2 Front collision | H17: Acceleration command, Brake Lights command, Deceleration command | I17: 24 | J17: HW_ Lane-Centered Adaptive Follow_Excessive Acceleration_01 HW_ Lane-Centered Adaptive Follow_Excessive Acceleration_02 HW_ Lane-Centered Adaptive Follow_Excessive Acceleration_04 HW_ Lane-Centered Adaptive Follow_Insufficient Deceleration_01 HW_ Lane-Centered Adaptive Follow_Insufficient Deceleration_03 HW_ Lane-Centered Adaptive Follow_No Deceleration_01 HW_ Lane-Centered Adaptive Follow_No Deceleration_04 HW_ Lane-Centered Adaptive Follow_Unintended Acceleration_01 HW_ Lane-Centered Adaptive Follow_Unintended Acceleration_02 HW_ Lane-Centered Adaptive Follow_Unintended Acceleration_04 | K17: HFS-025 | M17: [Out-of-ODD] Disabled / stopped vehicle in lane or shoulder
A18: LV-05 | B18: Leader arrêté (fin de bouchon, véhicule arrêté) | C18: HW-ESL | D18: justifié | E18: catalogue SERYTI | F18: Le HIRE de HW-ESL relie une déviation de commande sollicitée par la scène (Acceleration command, Deceleration command) au hazard de l'abstract (H2) | G18: H2 Front collision | H18: Acceleration command, Brake Lights command, Deceleration command, Hazard Lights command | I18: 4 | J18: HW_ Emergency Stop in Lane_Excessive Acceleration_01 HW_ Emergency Stop in Lane_No Deceleration_01 HW_ Emergency Stop in Lane_No Deceleration_03 HW_ Emergency Stop in Lane_Unintended Acceleration_01 | K18: HFS-015 | M18: [Out-of-ODD] Disabled / stopped vehicle in lane or shoulder
A19: LV-05 | B19: Leader arrêté (fin de bouchon, véhicule arrêté) | C19: HW-ELM | D19: justifié | E19: catalogue SERYTI | F19: Le HIRE de HW-ELM relie une déviation de commande sollicitée par la scène (Acceleration command, Deceleration command) au hazard de l'abstract (H2) | G19: H2 Front collision | H19: Acceleration command, Brake Lights command, Deceleration command, Hazard Lights command, Steering command, Turn Signal command | I19: 4 | J19: HW_ Emergency Lateral Motion_Excessive Acceleration_01 HW_ Emergency Lateral Motion_No Deceleration_01 HW_ Emergency Lateral Motion_No Deceleration_03 HW_ Emergency Lateral Motion_Unintended Acceleration_01 | K19: HFS-009 | M19: [Out-of-ODD] Disabled / stopped vehicle in lane or shoulder
A20: LV-05 | B20: Leader arrêté (fin de bouchon, véhicule arrêté) | C20: HW-LC | D20: justifié | E20: catalogue SERYTI | F20: Le HIRE de HW-LC relie une déviation de commande sollicitée par la scène (Acceleration command, Deceleration command, Steering command) au hazard de l'abstract (H2) | G20: H2 Front collision | H20: Acceleration command, Brake Lights command, Deceleration command, Steering command, Turn Signal command | I20: 11 | J20: HW_ Lane Changes / Overtaking_Excessive Acceleration_01 HW_ Lane Changes / Overtaking_Excessive Acceleration_02 HW_ Lane Changes / Overtaking_Excessive Acceleration_04 HW_ Lane Changes / Overtaking_Insufficient Deceleration_01 HW_ Lane Changes / Overtaking_Insufficient Deceleration_03 HW_ Lane Changes / Overtaking_No Deceleration_01 HW_ Lane Changes / Overtaking_No Deceleration_04 HW_ Lane Changes / Overtaking_No Steering_02 HW_ Lane Changes / Overtaking_Unintended Acceleration_01 HW_ Lane Changes / Overtaking_Unintended Acceleration_02 | K20: HFS-020 | M20: [Out-of-ODD] Disabled / stopped vehicle in lane or shoulder
A21: LV-05 | B21: Leader arrêté (fin de bouchon, véhicule arrêté) | C21: URB-FOL | D21: justifié | E21: catalogue SERYTI | F21: Le HIRE de URB-FOL relie une déviation de commande sollicitée par la scène (Acceleration command, Deceleration command) au hazard de l'abstract (H2) | G21: H2 Front collision | H21: Acceleration command, Brake Lights command, Deceleration command | I21: 10 | J21: URB_ Lane-Centered Adaptive Follow_Excessive Acceleration_01 URB_ Lane-Centered Adaptive Follow_Excessive Acceleration_02 URB_ Lane-Centered Adaptive Follow_Excessive Acceleration_04 URB_ Lane-Centered Adaptive Follow_Insufficient Deceleration_01 URB_ Lane-Centered Adaptive Follow_Insufficient Deceleration_03 URB_ Lane-Centered Adaptive Follow_No Deceleration_01 URB_ Lane-Centered Adaptive Follow_No Deceleration_04 URB_ Lane-Centered Adaptive Follow_Unintended Acceleration_01 URB_ Lane-Centered Adaptive Follow_Unintended Acceleration_02 URB_ Lane-Centered Adaptive Follow_Unintended Acceleration_04 | K21: HFS-071 | M21: [Out-of-ODD] Disabled / stopped vehicle in lane or shoulder
A22: LV-06 | B22: Leader qui accélère et s'éloigne | C22: HW-FOL | D22: justifié | E22: catalogue SERYTI | F22: Le HIRE de HW-FOL relie une déviation de commande sollicitée par la scène (Acceleration command, Deceleration command) au hazard de l'abstract (H2, H3) | G22: H2 Front collision, H3 Rear-end by follower | H22: Acceleration command, Deceleration command | I22: 35 | J22: HW_ Lane-Centered Adaptive Follow_Excessive Acceleration_01 HW_ Lane-Centered Adaptive Follow_Excessive Acceleration_02 HW_ Lane-Centered Adaptive Follow_Excessive Acceleration_04 HW_ Lane-Centered Adaptive Follow_Excessive Deceleration_01 HW_ Lane-Centered Adaptive Follow_Excessive Deceleration_02 HW_ Lane-Centered Adaptive Follow_Excessive Deceleration_04 HW_ Lane-Centered Adaptive Follow_Insufficient Acceleration_01 HW_ Lane-Centered Adaptive Follow_Insufficient Acceleration_03 HW_ Lane-Centered Adaptive Follow_Insufficient Deceleration_01 HW_ Lane-Centered Adaptive Follow_Insufficient Deceleration_03 | K22: HFS-025, HFS-026
A23: LV-06 | B23: Leader qui accélère et s'éloigne | C23: URB-FOL | D23: justifié | E23: catalogue SERYTI | F23: Le HIRE de URB-FOL relie une déviation de commande sollicitée par la scène (Acceleration command, Deceleration command) au hazard de l'abstract (H2, H3) | G23: H2 Front collision, H3 Rear-end by follower | H23: Acceleration command, Deceleration command | I23: 20 | J23: URB_ Lane-Centered Adaptive Follow_Excessive Acceleration_01 URB_ Lane-Centered Adaptive Follow_Excessive Acceleration_02 URB_ Lane-Centered Adaptive Follow_Excessive Acceleration_04 URB_ Lane-Centered Adaptive Follow_Excessive Deceleration_01 URB_ Lane-Centered Adaptive Follow_Excessive Deceleration_02 URB_ Lane-Centered Adaptive Follow_Excessive Deceleration_04 URB_ Lane-Centered Adaptive Follow_Insufficient Acceleration_01 URB_ Lane-Centered Adaptive Follow_Insufficient Acceleration_03 URB_ Lane-Centered Adaptive Follow_Insufficient Deceleration_01 URB_ Lane-Centered Adaptive Follow_Insufficient Deceleration_03 | K23: HFS-071, HFS-072
A24: LV-07 | B24: Accordéon (stop-and-go) | C24: HW-FOL | D24: justifié | E24: catalogue SERYTI | F24: Le HIRE de HW-FOL relie une déviation de commande sollicitée par la scène (Acceleration command, Brake Lights command, Deceleration command) au hazard de l'abstract (H2, H3) | G24: H2 Front collision, H3 Rear-end by follower | H24: Acceleration command, Brake Lights command, Deceleration command | I24: 37 | J24: HW_ Lane-Centered Adaptive Follow_Brake Lights too late_01 HW_ Lane-Centered Adaptive Follow_Excessive Acceleration_01 HW_ Lane-Centered Adaptive Follow_Excessive Acceleration_02 HW_ Lane-Centered Adaptive Follow_Excessive Acceleration_04 HW_ Lane-Centered Adaptive Follow_Excessive Deceleration_01 HW_ Lane-Centered Adaptive Follow_Excessive Deceleration_02 HW_ Lane-Centered Adaptive Follow_Excessive Deceleration_04 HW_ Lane-Centered Adaptive Follow_Insufficient Acceleration_01 HW_ Lane-Centered Adaptive Follow_Insufficient Acceleration_03 HW_ Lane-Centered Adaptive Follow_Insufficient Deceleration_01 | K24: HFS-025, HFS-026
A25: LV-07 | B25: Accordéon (stop-and-go) | C25: URB-FOL | D25: justifié | E25: catalogue SERYTI | F25: Le HIRE de URB-FOL relie une déviation de commande sollicitée par la scène (Acceleration command, Deceleration command) au hazard de l'abstract (H2, H3) | G25: H2 Front collision, H3 Rear-end by follower | H25: Acceleration command, Brake Lights command, Deceleration command | I25: 20 | J25: URB_ Lane-Centered Adaptive Follow_Excessive Acceleration_01 URB_ Lane-Centered Adaptive Follow_Excessive Acceleration_02 URB_ Lane-Centered Adaptive Follow_Excessive Acceleration_04 URB_ Lane-Centered Adaptive Follow_Excessive Deceleration_01 URB_ Lane-Centered Adaptive Follow_Excessive Deceleration_02 URB_ Lane-Centered Adaptive Follow_Excessive Deceleration_04 URB_ Lane-Centered Adaptive Follow_Insufficient Acceleration_01 URB_ Lane-Centered Adaptive Follow_Insufficient Acceleration_03 URB_ Lane-Centered Adaptive Follow_Insufficient Deceleration_01 URB_ Lane-Centered Adaptive Follow_Insufficient Deceleration_03 | K25: HFS-071, HFS-072
A26: LV-08 | B26: Leader au comportement erratique | C26: HW-FOL | D26: justifié | E26: catalogue SERYTI | F26: Le HIRE de HW-FOL relie une déviation de commande sollicitée par la scène (Acceleration command, Deceleration command) au hazard de l'abstract (H2) | G26: H2 Front collision | H26: Acceleration command, Brake Lights command, Deceleration command | I26: 24 | J26: HW_ Lane-Centered Adaptive Follow_Excessive Acceleration_01 HW_ Lane-Centered Adaptive Follow_Excessive Acceleration_02 HW_ Lane-Centered Adaptive Follow_Excessive Acceleration_04 HW_ Lane-Centered Adaptive Follow_Insufficient Deceleration_01 HW_ Lane-Centered Adaptive Follow_Insufficient Deceleration_03 HW_ Lane-Centered Adaptive Follow_No Deceleration_01 HW_ Lane-Centered Adaptive Follow_No Deceleration_04 HW_ Lane-Centered Adaptive Follow_Unintended Acceleration_01 HW_ Lane-Centered Adaptive Follow_Unintended Acceleration_02 HW_ Lane-Centered Adaptive Follow_Unintended Acceleration_04 | K26: HFS-025
A27: LV-09 | B27: Moto en leader | C27: HW-CRU | D27: justifié | E27: catalogue SERYTI | F27: Le HIRE de HW-CRU relie une déviation de commande sollicitée par la scène (Acceleration command, Deceleration command) au hazard de l'abstract (H2) | G27: H2 Front collision | H27: Acceleration command, Deceleration command | I27: 17 | J27: HW_ Lane-Centered Cruise_Excessive Acceleration_01 HW_ Lane-Centered Cruise_Excessive Acceleration_02 HW_ Lane-Centered Cruise_Excessive Acceleration_04 HW_ Lane-Centered Cruise_Insufficient Deceleration_01 HW_ Lane-Centered Cruise_Insufficient Deceleration_03 HW_ Lane-Centered Cruise_No Deceleration_01 HW_ Lane-Centered Cruise_No Deceleration_04 HW_ Lane-Centered Cruise_Unintended Acceleration_01 HW_ Lane-Centered Cruise_Unintended Acceleration_02 HW_ Lane-Centered Cruise_Unintended Acceleration_04 | K27: HFS-030
A28: LV-09 | B28: Moto en leader | C28: HW-FOL | D28: justifié | E28: catalogue SERYTI | F28: Le HIRE de HW-FOL relie une déviation de commande sollicitée par la scène (Acceleration command, Deceleration command) au hazard de l'abstract (H2) | G28: H2 Front collision | H28: Acceleration command, Deceleration command | I28: 24 | J28: HW_ Lane-Centered Adaptive Follow_Excessive Acceleration_01 HW_ Lane-Centered Adaptive Follow_Excessive Acceleration_02 HW_ Lane-Centered Adaptive Follow_Excessive Acceleration_04 HW_ Lane-Centered Adaptive Follow_Insufficient Deceleration_01 HW_ Lane-Centered Adaptive Follow_Insufficient Deceleration_03 HW_ Lane-Centered Adaptive Follow_No Deceleration_01 HW_ Lane-Centered Adaptive Follow_No Deceleration_04 HW_ Lane-Centered Adaptive Follow_Unintended Acceleration_01 HW_ Lane-Centered Adaptive Follow_Unintended Acceleration_02 HW_ Lane-Centered Adaptive Follow_Unintended Acceleration_04 | K28: HFS-025
A29: LV-10 | B29: Leader camion qui masque la vue | C29: HW-FOL | D29: justifié | E29: catalogue SERYTI | F29: Le HIRE de HW-FOL relie une déviation de commande sollicitée par la scène (Acceleration command, Deceleration command, Steering command) au hazard de l'abstract (H2) | G29: H2 Front collision | H29: Acceleration command, Brake Lights command, Deceleration command, Steering command | I29: 25 | J29: HW_ Lane-Centered Adaptive Follow_Excessive Acceleration_01 HW_ Lane-Centered Adaptive Follow_Excessive Acceleration_02 HW_ Lane-Centered Adaptive Follow_Excessive Acceleration_04 HW_ Lane-Centered Adaptive Follow_Insufficient Deceleration_01 HW_ Lane-Centered Adaptive Follow_Insufficient Deceleration_03 HW_ Lane-Centered Adaptive Follow_No Deceleration_01 HW_ Lane-Centered Adaptive Follow_No Deceleration_04 HW_ Lane-Centered Adaptive Follow_No Steering_02 HW_ Lane-Centered Adaptive Follow_Unintended Acceleration_01 HW_ Lane-Centered Adaptive Follow_Unintended Acceleration_02 | K29: HFS-025 | M29: [Out-of-ODD] Disabled / stopped vehicle in lane or shoulder
A30: LV-10 | B30: Leader camion qui masque la vue | C30: HW-ESL | D30: justifié | E30: catalogue SERYTI | F30: Le HIRE de HW-ESL relie une déviation de commande sollicitée par la scène (Acceleration command, Deceleration command) au hazard de l'abstract (H2) | G30: H2 Front collision | H30: Acceleration command, Brake Lights command, Deceleration command, Hazard Lights command, Steering command | I30: 4 | J30: HW_ Emergency Stop in Lane_Excessive Acceleration_01 HW_ Emergency Stop in Lane_No Deceleration_01 HW_ Emergency Stop in Lane_No Deceleration_03 HW_ Emergency Stop in Lane_Unintended Acceleration_01 | K30: HFS-015 | M30: [Out-of-ODD] Disabled / stopped vehicle in lane or shoulder
A31: LV-11 | B31: Le leader change de voie et libère la voie (cut-out) | C31: HW-CRU | D31: justifié | E31: catalogue SERYTI | F31: Le HIRE de HW-CRU relie une déviation de commande sollicitée par la scène (Acceleration command, Deceleration command) au hazard de l'abstract (H2) | G31: H2 Front collision | H31: Acceleration command, Deceleration command | I31: 17 | J31: HW_ Lane-Centered Cruise_Excessive Acceleration_01 HW_ Lane-Centered Cruise_Excessive Acceleration_02 HW_ Lane-Centered Cruise_Excessive Acceleration_04 HW_ Lane-Centered Cruise_Insufficient Deceleration_01 HW_ Lane-Centered Cruise_Insufficient Deceleration_03 HW_ Lane-Centered Cruise_No Deceleration_01 HW_ Lane-Centered Cruise_No Deceleration_04 HW_ Lane-Centered Cruise_Unintended Acceleration_01 HW_ Lane-Centered Cruise_Unintended Acceleration_02 HW_ Lane-Centered Cruise_Unintended Acceleration_04 | K31: HFS-030
A32: LV-11 | B32: Le leader change de voie et libère la voie (cut-out) | C32: HW-FOL | D32: justifié | E32: catalogue SERYTI | F32: Le HIRE de HW-FOL relie une déviation de commande sollicitée par la scène (Acceleration command, Deceleration command) au hazard de l'abstract (H2) | G32: H2 Front collision | H32: Acceleration command, Deceleration command | I32: 24 | J32: HW_ Lane-Centered Adaptive Follow_Excessive Acceleration_01 HW_ Lane-Centered Adaptive Follow_Excessive Acceleration_02 HW_ Lane-Centered Adaptive Follow_Excessive Acceleration_04 HW_ Lane-Centered Adaptive Follow_Insufficient Deceleration_01 HW_ Lane-Centered Adaptive Follow_Insufficient Deceleration_03 HW_ Lane-Centered Adaptive Follow_No Deceleration_01 HW_ Lane-Centered Adaptive Follow_No Deceleration_04 HW_ Lane-Centered Adaptive Follow_Unintended Acceleration_01 HW_ Lane-Centered Adaptive Follow_Unintended Acceleration_02 HW_ Lane-Centered Adaptive Follow_Unintended Acceleration_04 | K32: HFS-025
A33: CI-01 | B33: Cut-in depuis la gauche, gap suffisant | C33: HW-CRU | D33: justifié | E33: catalogue SERYTI | F33: Le HIRE de HW-CRU relie une déviation de commande sollicitée par la scène (Deceleration command, Steering command) au hazard de l'abstract (H2) | G33: H2 Front collision | H33: Deceleration command, Steering command | I33: 15 | J33: HW_ Lane-Centered Cruise_Insufficient Deceleration_01 HW_ Lane-Centered Cruise_Insufficient Deceleration_03 HW_ Lane-Centered Cruise_No Deceleration_01 HW_ Lane-Centered Cruise_No Deceleration_04 HW_ Lane-Centered Cruise_No Steering_02 HW_ Lane-Centered Cruise_Deceleration too late_01 HW_ Lane-Centered Cruise_Deceleration too late_02 HW_ Lane-Centered Cruise_Deceleration too late_03 HW_ Lane-Centered Cruise_No Deceleration_05 HW_ Lane-Centered Cruise_No Deceleration_07 | K33: HFS-030 | M33: Vehicles — dense traffic / cut-in
A34: CI-01 | B34: Cut-in depuis la gauche, gap suffisant | C34: HW-FOL | D34: justifié | E34: catalogue SERYTI | F34: Le HIRE de HW-FOL relie une déviation de commande sollicitée par la scène (Deceleration command, Steering command) au hazard de l'abstract (H2) | G34: H2 Front collision | H34: Deceleration command, Steering command | I34: 19 | J34: HW_ Lane-Centered Adaptive Follow_Deceleration too late_06 HW_ Lane-Centered Adaptive Follow_Insufficient Deceleration_01 HW_ Lane-Centered Adaptive Follow_Insufficient Deceleration_03 HW_ Lane-Centered Adaptive Follow_No Deceleration_01 HW_ Lane-Centered Adaptive Follow_No Deceleration_04 HW_ Lane-Centered Adaptive Follow_No Steering_02 HW_ Lane-Centered Adaptive Follow_Deceleration too late_01 HW_ Lane-Centered Adaptive Follow_Deceleration too late_02 HW_ Lane-Centered Adaptive Follow_Deceleration too late_03 HW_ Lane-Centered Adaptive Follow_Deceleration too late_04 | K34: HFS-025 | L34: Vehicles — dense traffic / cut-in
A35: CI-01 | B35: Cut-in depuis la gauche, gap suffisant | C35: URB-FOL | D35: justifié | E35: catalogue SERYTI | F35: Le HIRE de URB-FOL relie une déviation de commande sollicitée par la scène (Deceleration command, Steering command) au hazard de l'abstract (H2) | G35: H2 Front collision | H35: Deceleration command, Steering command | I35: 5 | J35: URB_ Lane-Centered Adaptive Follow_Insufficient Deceleration_01 URB_ Lane-Centered Adaptive Follow_Insufficient Deceleration_03 URB_ Lane-Centered Adaptive Follow_No Deceleration_01 URB_ Lane-Centered Adaptive Follow_No Deceleration_04 URB_ Lane-Centered Adaptive Follow_No Steering_02 | K35: HFS-071 | M35: Vehicles — dense traffic / cut-in
A36: CI-02 | B36: Cut-in serré depuis la gauche | C36: HW-CRU | D36: justifié | E36: catalogue SERYTI | F36: Le HIRE de HW-CRU relie une déviation de commande sollicitée par la scène (Deceleration command, Steering command) au hazard de l'abstract (H2) | G36: H2 Front collision | H36: Deceleration command, Steering command | I36: 15 | J36: HW_ Lane-Centered Cruise_Insufficient Deceleration_01 HW_ Lane-Centered Cruise_Insufficient Deceleration_03 HW_ Lane-Centered Cruise_No Deceleration_01 HW_ Lane-Centered Cruise_No Deceleration_04 HW_ Lane-Centered Cruise_No Steering_02 HW_ Lane-Centered Cruise_Deceleration too late_01 HW_ Lane-Centered Cruise_Deceleration too late_02 HW_ Lane-Centered Cruise_Deceleration too late_03 HW_ Lane-Centered Cruise_No Deceleration_05 HW_ Lane-Centered Cruise_No Deceleration_07 | K36: HFS-030 | M36: Vehicles — dense traffic / cut-in
A37: CI-02 | B37: Cut-in serré depuis la gauche | C37: HW-FOL | D37: justifié | E37: catalogue SERYTI | F37: Le HIRE de HW-FOL relie une déviation de commande sollicitée par la scène (Deceleration command, Steering command) au hazard de l'abstract (H2) | G37: H2 Front collision | H37: Deceleration command, Steering command | I37: 19 | J37: HW_ Lane-Centered Adaptive Follow_Deceleration too late_06 HW_ Lane-Centered Adaptive Follow_Insufficient Deceleration_01 HW_ Lane-Centered Adaptive Follow_Insufficient Deceleration_03 HW_ Lane-Centered Adaptive Follow_No Deceleration_01 HW_ Lane-Centered Adaptive Follow_No Deceleration_04 HW_ Lane-Centered Adaptive Follow_No Steering_02 HW_ Lane-Centered Adaptive Follow_Deceleration too late_01 HW_ Lane-Centered Adaptive Follow_Deceleration too late_02 HW_ Lane-Centered Adaptive Follow_Deceleration too late_03 HW_ Lane-Centered Adaptive Follow_Deceleration too late_04 | K37: HFS-025 | L37: Vehicles — dense traffic / cut-in
A38: CI-02 | B38: Cut-in serré depuis la gauche | C38: HW-ESL | D38: justifié | E38: catalogue SERYTI | F38: Le HIRE de HW-ESL relie une déviation de commande sollicitée par la scène (Deceleration command) au hazard de l'abstract (H2) | G38: H2 Front collision | H38: Brake Lights command, Deceleration command, Hazard Lights command, Steering command | I38: 2 | J38: HW_ Emergency Stop in Lane_No Deceleration_01 HW_ Emergency Stop in Lane_No Deceleration_03 | K38: HFS-015 | M38: Vehicles — dense traffic / cut-in
A39: CI-03 | B39: Cut-in depuis la droite | C39: HW-CRU | D39: justifié | E39: catalogue SERYTI | F39: Le HIRE de HW-CRU relie une déviation de commande sollicitée par la scène (Deceleration command, Steering command) au hazard de l'abstract (H2) | G39: H2 Front collision | H39: Deceleration command, Steering command | I39: 15 | J39: HW_ Lane-Centered Cruise_Insufficient Deceleration_01 HW_ Lane-Centered Cruise_Insufficient Deceleration_03 HW_ Lane-Centered Cruise_No Deceleration_01 HW_ Lane-Centered Cruise_No Deceleration_04 HW_ Lane-Centered Cruise_No Steering_02 HW_ Lane-Centered Cruise_Deceleration too late_01 HW_ Lane-Centered Cruise_Deceleration too late_02 HW_ Lane-Centered Cruise_Deceleration too late_03 HW_ Lane-Centered Cruise_No Deceleration_05 HW_ Lane-Centered Cruise_No Deceleration_07 | K39: HFS-030 | M39: Vehicles — dense traffic / cut-in
A40: CI-03 | B40: Cut-in depuis la droite | C40: HW-FOL | D40: justifié | E40: catalogue SERYTI | F40: Le HIRE de HW-FOL relie une déviation de commande sollicitée par la scène (Deceleration command, Steering command) au hazard de l'abstract (H2) | G40: H2 Front collision | H40: Deceleration command, Steering command | I40: 19 | J40: HW_ Lane-Centered Adaptive Follow_Deceleration too late_06 HW_ Lane-Centered Adaptive Follow_Insufficient Deceleration_01 HW_ Lane-Centered Adaptive Follow_Insufficient Deceleration_03 HW_ Lane-Centered Adaptive Follow_No Deceleration_01 HW_ Lane-Centered Adaptive Follow_No Deceleration_04 HW_ Lane-Centered Adaptive Follow_No Steering_02 HW_ Lane-Centered Adaptive Follow_Deceleration too late_01 HW_ Lane-Centered Adaptive Follow_Deceleration too late_02 HW_ Lane-Centered Adaptive Follow_Deceleration too late_03 HW_ Lane-Centered Adaptive Follow_Deceleration too late_04 | K40: HFS-025 | L40: Vehicles — dense traffic / cut-in
A41: CI-04 | B41: Cut-in d'un véhicule plus lent | C41: HW-CRU | D41: justifié | E41: catalogue SERYTI | F41: Le HIRE de HW-CRU relie une déviation de commande sollicitée par la scène (Deceleration command, Steering command) au hazard de l'abstract (H2) | G41: H2 Front collision | H41: Deceleration command, Steering command | I41: 15 | J41: HW_ Lane-Centered Cruise_Insufficient Deceleration_01 HW_ Lane-Centered Cruise_Insufficient Deceleration_03 HW_ Lane-Centered Cruise_No Deceleration_01 HW_ Lane-Centered Cruise_No Deceleration_04 HW_ Lane-Centered Cruise_No Steering_02 HW_ Lane-Centered Cruise_Deceleration too late_01 HW_ Lane-Centered Cruise_Deceleration too late_02 HW_ Lane-Centered Cruise_Deceleration too late_03 HW_ Lane-Centered Cruise_No Deceleration_05 HW_ Lane-Centered Cruise_No Deceleration_07 | K41: HFS-030 | M41: Vehicles — dense traffic / cut-in
A42: CI-04 | B42: Cut-in d'un véhicule plus lent | C42: HW-FOL | D42: justifié | E42: catalogue SERYTI | F42: Le HIRE de HW-FOL relie une déviation de commande sollicitée par la scène (Deceleration command, Steering command) au hazard de l'abstract (H2) | G42: H2 Front collision | H42: Deceleration command, Steering command | I42: 19 | J42: HW_ Lane-Centered Adaptive Follow_Deceleration too late_06 HW_ Lane-Centered Adaptive Follow_Insufficient Deceleration_01 HW_ Lane-Centered Adaptive Follow_Insufficient Deceleration_03 HW_ Lane-Centered Adaptive Follow_No Deceleration_01 HW_ Lane-Centered Adaptive Follow_No Deceleration_04 HW_ Lane-Centered Adaptive Follow_No Steering_02 HW_ Lane-Centered Adaptive Follow_Deceleration too late_01 HW_ Lane-Centered Adaptive Follow_Deceleration too late_02 HW_ Lane-Centered Adaptive Follow_Deceleration too late_03 HW_ Lane-Centered Adaptive Follow_Deceleration too late_04 | K42: HFS-025 | L42: Vehicles — dense traffic / cut-in
A43: CI-05 | B43: Cut-in d'un semi-remorque | C43: HW-CRU | D43: justifié | E43: catalogue SERYTI | F43: Le HIRE de HW-CRU relie une déviation de commande sollicitée par la scène (Deceleration command, Steering command) au hazard de l'abstract (H2) | G43: H2 Front collision | H43: Deceleration command, Steering command | I43: 15 | J43: HW_ Lane-Centered Cruise_Insufficient Deceleration_01 HW_ Lane-Centered Cruise_Insufficient Deceleration_03 HW_ Lane-Centered Cruise_No Deceleration_01 HW_ Lane-Centered Cruise_No Deceleration_04 HW_ Lane-Centered Cruise_No Steering_02 HW_ Lane-Centered Cruise_Deceleration too late_01 HW_ Lane-Centered Cruise_Deceleration too late_02 HW_ Lane-Centered Cruise_Deceleration too late_03 HW_ Lane-Centered Cruise_No Deceleration_05 HW_ Lane-Centered Cruise_No Deceleration_07 | K43: HFS-030 | M43: Vehicles — dense traffic / cut-in
A44: CI-05 | B44: Cut-in d'un semi-remorque | C44: HW-FOL | D44: justifié | E44: catalogue SERYTI | F44: Le HIRE de HW-FOL relie une déviation de commande sollicitée par la scène (Deceleration command, Steering command) au hazard de l'abstract (H2) | G44: H2 Front collision | H44: Deceleration command, Steering command | I44: 19 | J44: HW_ Lane-Centered Adaptive Follow_Deceleration too late_06 HW_ Lane-Centered Adaptive Follow_Insufficient Deceleration_01 HW_ Lane-Centered Adaptive Follow_Insufficient Deceleration_03 HW_ Lane-Centered Adaptive Follow_No Deceleration_01 HW_ Lane-Centered Adaptive Follow_No Deceleration_04 HW_ Lane-Centered Adaptive Follow_No Steering_02 HW_ Lane-Centered Adaptive Follow_Deceleration too late_01 HW_ Lane-Centered Adaptive Follow_Deceleration too late_02 HW_ Lane-Centered Adaptive Follow_Deceleration too late_03 HW_ Lane-Centered Adaptive Follow_Deceleration too late_04 | K44: HFS-025 | L44: Vehicles — dense traffic / cut-in
A45: CI-06 | B45: Insertion depuis la bretelle devant le SDT | C45: HW-CRU | D45: justifié | E45: catalogue SERYTI | F45: Le HIRE de HW-CRU relie une déviation de commande sollicitée par la scène (Deceleration command, Steering command) au hazard de l'abstract (H1, H2) | G45: H1 Side collision, H2 Front collision | H45: Deceleration command, Steering command | I45: 48 | J45: HW_ Lane-Centered Cruise_Excessive Steering_01 HW_ Lane-Centered Cruise_Excessive Steering_02 HW_ Lane-Centered Cruise_Excessive Steering_04 HW_ Lane-Centered Cruise_Insufficient Deceleration_01 HW_ Lane-Centered Cruise_Insufficient Deceleration_03 HW_ Lane-Centered Cruise_Insufficient Steering_01 HW_ Lane-Centered Cruise_Insufficient Steering_04 HW_ Lane-Centered Cruise_No Deceleration_01 HW_ Lane-Centered Cruise_No Deceleration_02 HW_ Lane-Centered Cruise_No Deceleration_04 | K45: HFS-029, HFS-030 | M45: Vehicles — dense traffic / cut-in
A46: CI-06 | B46: Insertion depuis la bretelle devant le SDT | C46: HW-FOL | D46: justifié | E46: catalogue SERYTI | F46: Le HIRE de HW-FOL relie une déviation de commande sollicitée par la scène (Deceleration command, Steering command) au hazard de l'abstract (H1, H2) | G46: H1 Side collision, H2 Front collision | H46: Deceleration command, Steering command | I46: 35 | J46: HW_ Lane-Centered Adaptive Follow_Deceleration too late_06 HW_ Lane-Centered Adaptive Follow_Excessive Steering_01 HW_ Lane-Centered Adaptive Follow_Excessive Steering_02 HW_ Lane-Centered Adaptive Follow_Excessive Steering_04 HW_ Lane-Centered Adaptive Follow_Insufficient Deceleration_01 HW_ Lane-Centered Adaptive Follow_Insufficient Deceleration_03 HW_ Lane-Centered Adaptive Follow_Insufficient Steering_01 HW_ Lane-Centered Adaptive Follow_Insufficient Steering_04 HW_ Lane-Centered Adaptive Follow_No Deceleration_01 HW_ Lane-Centered Adaptive Follow_No Deceleration_02 | K46: HFS-024, HFS-025 | L46: Vehicles — dense traffic / cut-in
A47: CI-07 | B47: Brake-check après un rabattement | C47: HW-FOL | D47: justifié | E47: catalogue SERYTI | F47: Le HIRE de HW-FOL relie une déviation de commande sollicitée par la scène (Acceleration command, Deceleration command) au hazard de l'abstract (H2) | G47: H2 Front collision | H47: Acceleration command, Brake Lights command, Deceleration command | I47: 24 | J47: HW_ Lane-Centered Adaptive Follow_Excessive Acceleration_01 HW_ Lane-Centered Adaptive Follow_Excessive Acceleration_02 HW_ Lane-Centered Adaptive Follow_Excessive Acceleration_04 HW_ Lane-Centered Adaptive Follow_Insufficient Deceleration_01 HW_ Lane-Centered Adaptive Follow_Insufficient Deceleration_03 HW_ Lane-Centered Adaptive Follow_No Deceleration_01 HW_ Lane-Centered Adaptive Follow_No Deceleration_04 HW_ Lane-Centered Adaptive Follow_Unintended Acceleration_01 HW_ Lane-Centered Adaptive Follow_Unintended Acceleration_02 HW_ Lane-Centered Adaptive Follow_Unintended Acceleration_04 | K47: HFS-025
A48: CI-07 | B48: Brake-check après un rabattement | C48: HW-ESL | D48: justifié | E48: catalogue SERYTI | F48: Le HIRE de HW-ESL relie une déviation de commande sollicitée par la scène (Acceleration command, Deceleration command) au hazard de l'abstract (H2) | G48: H2 Front collision | H48: Acceleration command, Brake Lights command, Deceleration command, Hazard Lights command | I48: 4 | J48: HW_ Emergency Stop in Lane_Excessive Acceleration_01 HW_ Emergency Stop in Lane_No Deceleration_01 HW_ Emergency Stop in Lane_No Deceleration_03 HW_ Emergency Stop in Lane_Unintended Acceleration_01 | K48: HFS-015
A49: CI-08 | B49: Deux véhicules se rabattent l'un après l'autre | C49: HW-CRU | D49: justifié | E49: catalogue SERYTI | F49: Le HIRE de HW-CRU relie une déviation de commande sollicitée par la scène (Deceleration command, Steering command) au hazard de l'abstract (H2) | G49: H2 Front collision | H49: Deceleration command, Steering command | I49: 15 | J49: HW_ Lane-Centered Cruise_Insufficient Deceleration_01 HW_ Lane-Centered Cruise_Insufficient Deceleration_03 HW_ Lane-Centered Cruise_No Deceleration_01 HW_ Lane-Centered Cruise_No Deceleration_04 HW_ Lane-Centered Cruise_No Steering_02 HW_ Lane-Centered Cruise_Deceleration too late_01 HW_ Lane-Centered Cruise_Deceleration too late_02 HW_ Lane-Centered Cruise_Deceleration too late_03 HW_ Lane-Centered Cruise_No Deceleration_05 HW_ Lane-Centered Cruise_No Deceleration_07 | K49: HFS-030 | M49: Vehicles — dense traffic / cut-in
A50: CI-08 | B50: Deux véhicules se rabattent l'un après l'autre | C50: HW-FOL | D50: justifié | E50: catalogue SERYTI | F50: Le HIRE de HW-FOL relie une déviation de commande sollicitée par la scène (Deceleration command, Steering command) au hazard de l'abstract (H2) | G50: H2 Front collision | H50: Deceleration command, Steering command | I50: 19 | J50: HW_ Lane-Centered Adaptive Follow_Deceleration too late_06 HW_ Lane-Centered Adaptive Follow_Insufficient Deceleration_01 HW_ Lane-Centered Adaptive Follow_Insufficient Deceleration_03 HW_ Lane-Centered Adaptive Follow_No Deceleration_01 HW_ Lane-Centered Adaptive Follow_No Deceleration_04 HW_ Lane-Centered Adaptive Follow_No Steering_02 HW_ Lane-Centered Adaptive Follow_Deceleration too late_01 HW_ Lane-Centered Adaptive Follow_Deceleration too late_02 HW_ Lane-Centered Adaptive Follow_Deceleration too late_03 HW_ Lane-Centered Adaptive Follow_Deceleration too late_04 | K50: HFS-025 | L50: Vehicles — dense traffic / cut-in
A51: ADJ-01 | B51: Véhicule adjacent qui dérive vers le SDT | C51: HW-CRU | D51: justifié | E51: catalogue SERYTI | F51: Le HIRE de HW-CRU relie une déviation de commande sollicitée par la scène (Steering command) au hazard de l'abstract (H1) | G51: H1 Side collision | H51: Steering command | I51: 31 | J51: HW_ Lane-Centered Cruise_Excessive Steering_01 HW_ Lane-Centered Cruise_Excessive Steering_02 HW_ Lane-Centered Cruise_Excessive Steering_04 HW_ Lane-Centered Cruise_Insufficient Steering_01 HW_ Lane-Centered Cruise_Insufficient Steering_04 HW_ Lane-Centered Cruise_No Steering_01 HW_ Lane-Centered Cruise_No Steering_04 HW_ Lane-Centered Cruise_Steering for too long / stuck_01 HW_ Lane-Centered Cruise_Steering for too long / stuck_03 HW_ Lane-Centered Cruise_Steering in opposite direction_01 | K51: HFS-029
A52: ADJ-01 | B52: Véhicule adjacent qui dérive vers le SDT | C52: HW-FOL | D52: justifié | E52: catalogue SERYTI | F52: Le HIRE de HW-FOL relie une déviation de commande sollicitée par la scène (Steering command) au hazard de l'abstract (H1) | G52: H1 Side collision | H52: Steering command | I52: 15 | J52: HW_ Lane-Centered Adaptive Follow_Excessive Steering_01 HW_ Lane-Centered Adaptive Follow_Excessive Steering_02 HW_ Lane-Centered Adaptive Follow_Excessive Steering_04 HW_ Lane-Centered Adaptive Follow_Insufficient Steering_01 HW_ Lane-Centered Adaptive Follow_Insufficient Steering_04 HW_ Lane-Centered Adaptive Follow_No Steering_01 HW_ Lane-Centered Adaptive Follow_No Steering_04 HW_ Lane-Centered Adaptive Follow_Steering for too long / stuck_01 HW_ Lane-Centered Adaptive Follow_Steering for too long / stuck_03 HW_ Lane-Centered Adaptive Follow_Steering in opposite direction_01 | K52: HFS-024
A53: ADJ-01 | B53: Véhicule adjacent qui dérive vers le SDT | C53: HW-ELM | D53: justifié | E53: catalogue SERYTI | F53: Le HIRE de HW-ELM relie une déviation de commande sollicitée par la scène (Steering command) au hazard de l'abstract (H1) | G53: H1 Side collision | H53: Brake Lights command, Hazard Lights command, Steering command, Turn Signal command | I53: 12 | J53: HW_ Emergency Lateral Motion_Excessive Steering_01 HW_ Emergency Lateral Motion_Excessive Steering_02 HW_ Emergency Lateral Motion_Insufficient Steering_01 HW_ Emergency Lateral Motion_Insufficient Steering_02 HW_ Emergency Lateral Motion_No Steering_01 HW_ Emergency Lateral Motion_No Steering_02 HW_ Emergency Lateral Motion_Steering for too long / stuck_01 HW_ Emergency Lateral Motion_Steering for too long / stuck_02 HW_ Emergency Lateral Motion_Steering in opposite direction_01 HW_ Emergency Lateral Motion_Steering in opposite direction_02 | K53: HFS-008
A54: ADJ-02 | B54: Semi adjacent dont la remorque louvoie | C54: HW-CRU | D54: justifié | E54: catalogue SERYTI | F54: Le HIRE de HW-CRU relie une déviation de commande sollicitée par la scène (Steering command) au hazard de l'abstract (H1) | G54: H1 Side collision | H54: Steering command | I54: 31 | J54: HW_ Lane-Centered Cruise_Excessive Steering_01 HW_ Lane-Centered Cruise_Excessive Steering_02 HW_ Lane-Centered Cruise_Excessive Steering_04 HW_ Lane-Centered Cruise_Insufficient Steering_01 HW_ Lane-Centered Cruise_Insufficient Steering_04 HW_ Lane-Centered Cruise_No Steering_01 HW_ Lane-Centered Cruise_No Steering_04 HW_ Lane-Centered Cruise_Steering for too long / stuck_01 HW_ Lane-Centered Cruise_Steering for too long / stuck_03 HW_ Lane-Centered Cruise_Steering in opposite direction_01 | K54: HFS-029
A55: ADJ-02 | B55: Semi adjacent dont la remorque louvoie | C55: HW-FOL | D55: justifié | E55: catalogue SERYTI | F55: Le HIRE de HW-FOL relie une déviation de commande sollicitée par la scène (Steering command) au hazard de l'abstract (H1) | G55: H1 Side collision | H55: Steering command | I55: 15 | J55: HW_ Lane-Centered Adaptive Follow_Excessive Steering_01 HW_ Lane-Centered Adaptive Follow_Excessive Steering_02 HW_ Lane-Centered Adaptive Follow_Excessive Steering_04 HW_ Lane-Centered Adaptive Follow_Insufficient Steering_01 HW_ Lane-Centered Adaptive Follow_Insufficient Steering_04 HW_ Lane-Centered Adaptive Follow_No Steering_01 HW_ Lane-Centered Adaptive Follow_No Steering_04 HW_ Lane-Centered Adaptive Follow_Steering for too long / stuck_01 HW_ Lane-Centered Adaptive Follow_Steering for too long / stuck_03 HW_ Lane-Centered Adaptive Follow_Steering in opposite direction_01 | K55: HFS-024
A56: ADJ-03 | B56: Moto qui remonte les files | C56: HW-CRU | D56: justifié | E56: catalogue SERYTI | F56: Le HIRE de HW-CRU relie une déviation de commande sollicitée par la scène (Steering command) au hazard de l'abstract (H1) | G56: H1 Side collision | H56: Steering command | I56: 31 | J56: HW_ Lane-Centered Cruise_Excessive Steering_01 HW_ Lane-Centered Cruise_Excessive Steering_02 HW_ Lane-Centered Cruise_Excessive Steering_04 HW_ Lane-Centered Cruise_Insufficient Steering_01 HW_ Lane-Centered Cruise_Insufficient Steering_04 HW_ Lane-Centered Cruise_No Steering_01 HW_ Lane-Centered Cruise_No Steering_04 HW_ Lane-Centered Cruise_Steering for too long / stuck_01 HW_ Lane-Centered Cruise_Steering for too long / stuck_03 HW_ Lane-Centered Cruise_Steering in opposite direction_01 | K56: HFS-029
A57: ADJ-03 | B57: Moto qui remonte les files | C57: HW-FOL | D57: justifié | E57: catalogue SERYTI | F57: Le HIRE de HW-FOL relie une déviation de commande sollicitée par la scène (Steering command) au hazard de l'abstract (H1) | G57: H1 Side collision | H57: Steering command | I57: 15 | J57: HW_ Lane-Centered Adaptive Follow_Excessive Steering_01 HW_ Lane-Centered Adaptive Follow_Excessive Steering_02 HW_ Lane-Centered Adaptive Follow_Excessive Steering_04 HW_ Lane-Centered Adaptive Follow_Insufficient Steering_01 HW_ Lane-Centered Adaptive Follow_Insufficient Steering_04 HW_ Lane-Centered Adaptive Follow_No Steering_01 HW_ Lane-Centered Adaptive Follow_No Steering_04 HW_ Lane-Centered Adaptive Follow_Steering for too long / stuck_01 HW_ Lane-Centered Adaptive Follow_Steering for too long / stuck_03 HW_ Lane-Centered Adaptive Follow_Steering in opposite direction_01 | K57: HFS-024
A58: ADJ-04 | B58: Dépassement rapide et serré | C58: HW-CRU | D58: justifié | E58: catalogue SERYTI | F58: Le HIRE de HW-CRU relie une déviation de commande sollicitée par la scène (Steering command) au hazard de l'abstract (H1) | G58: H1 Side collision | H58: Steering command | I58: 31 | J58: HW_ Lane-Centered Cruise_Excessive Steering_01 HW_ Lane-Centered Cruise_Excessive Steering_02 HW_ Lane-Centered Cruise_Excessive Steering_04 HW_ Lane-Centered Cruise_Insufficient Steering_01 HW_ Lane-Centered Cruise_Insufficient Steering_04 HW_ Lane-Centered Cruise_No Steering_01 HW_ Lane-Centered Cruise_No Steering_04 HW_ Lane-Centered Cruise_Steering for too long / stuck_01 HW_ Lane-Centered Cruise_Steering for too long / stuck_03 HW_ Lane-Centered Cruise_Steering in opposite direction_01 | K58: HFS-029
A59: ADJ-04 | B59: Dépassement rapide et serré | C59: HW-FOL | D59: justifié | E59: catalogue SERYTI | F59: Le HIRE de HW-FOL relie une déviation de commande sollicitée par la scène (Steering command) au hazard de l'abstract (H1) | G59: H1 Side collision | H59: Steering command | I59: 15 | J59: HW_ Lane-Centered Adaptive Follow_Excessive Steering_01 HW_ Lane-Centered Adaptive Follow_Excessive Steering_02 HW_ Lane-Centered Adaptive Follow_Excessive Steering_04 HW_ Lane-Centered Adaptive Follow_Insufficient Steering_01 HW_ Lane-Centered Adaptive Follow_Insufficient Steering_04 HW_ Lane-Centered Adaptive Follow_No Steering_01 HW_ Lane-Centered Adaptive Follow_No Steering_04 HW_ Lane-Centered Adaptive Follow_Steering for too long / stuck_01 HW_ Lane-Centered Adaptive Follow_Steering for too long / stuck_03 HW_ Lane-Centered Adaptive Follow_Steering in opposite direction_01 | K59: HFS-024
A60: ADJ-05 | B60: Convoi lent dans la voie adjacente | C60: HW-CRU | D60: justifié | E60: catalogue SERYTI | F60: Le HIRE de HW-CRU relie une déviation de commande sollicitée par la scène (Steering command) au hazard de l'abstract (H1) | G60: H1 Side collision | H60: Steering command | I60: 31 | J60: HW_ Lane-Centered Cruise_Excessive Steering_01 HW_ Lane-Centered Cruise_Excessive Steering_02 HW_ Lane-Centered Cruise_Excessive Steering_04 HW_ Lane-Centered Cruise_Insufficient Steering_01 HW_ Lane-Centered Cruise_Insufficient Steering_04 HW_ Lane-Centered Cruise_No Steering_01 HW_ Lane-Centered Cruise_No Steering_04 HW_ Lane-Centered Cruise_Steering for too long / stuck_01 HW_ Lane-Centered Cruise_Steering for too long / stuck_03 HW_ Lane-Centered Cruise_Steering in opposite direction_01 | K60: HFS-029
A61: ADJ-05 | B61: Convoi lent dans la voie adjacente | C61: HW-FOL | D61: justifié | E61: catalogue SERYTI | F61: Le HIRE de HW-FOL relie une déviation de commande sollicitée par la scène (Steering command) au hazard de l'abstract (H1) | G61: H1 Side collision | H61: Steering command | I61: 15 | J61: HW_ Lane-Centered Adaptive Follow_Excessive Steering_01 HW_ Lane-Centered Adaptive Follow_Excessive Steering_02 HW_ Lane-Centered Adaptive Follow_Excessive Steering_04 HW_ Lane-Centered Adaptive Follow_Insufficient Steering_01 HW_ Lane-Centered Adaptive Follow_Insufficient Steering_04 HW_ Lane-Centered Adaptive Follow_No Steering_01 HW_ Lane-Centered Adaptive Follow_No Steering_04 HW_ Lane-Centered Adaptive Follow_Steering for too long / stuck_01 HW_ Lane-Centered Adaptive Follow_Steering for too long / stuck_03 HW_ Lane-Centered Adaptive Follow_Steering in opposite direction_01 | K61: HFS-024
A62: ADJ-05 | B62: Convoi lent dans la voie adjacente | C62: HW-LC | D62: justifié | E62: catalogue SERYTI | F62: Le HIRE de HW-LC relie une déviation de commande sollicitée par la scène (Acceleration command, Steering command, Turn Signal command) au hazard de l'abstract (H1) | G62: H1 Side collision | H62: Acceleration command, Steering command, Turn Signal command | I62: 23 | J62: HW_ Lane Changes / Overtaking_Excessive Steering_01 HW_ Lane Changes / Overtaking_Excessive Steering_02 HW_ Lane Changes / Overtaking_Excessive Steering_04 HW_ Lane Changes / Overtaking_Insufficient Steering_01 HW_ Lane Changes / Overtaking_Insufficient Steering_04 HW_ Lane Changes / Overtaking_No Acceleration_02 HW_ Lane Changes / Overtaking_No Steering_01 HW_ Lane Changes / Overtaking_No Steering_04 HW_ Lane Changes / Overtaking_No Turn Signal_01 HW_ Lane Changes / Overtaking_No Turn Signal_02 | K62: HFS-019
... A65: ADJ-06 | B65: Véhicule adjacent qui serre la ligne (lane hugger) | C65: HW-LC | D65: justifié | E65: catalogue SERYTI | F65: Le HIRE de HW-LC relie une déviation de commande sollicitée par la scène (Acceleration command, Steering command, Turn Signal command) au hazard de l'abstract (H1) | G65: H1 Side collision | H65: Acceleration command, Steering command, Turn Signal command | I65: 23 | J65: HW_ Lane Changes / Overtaking_Excessive Steering_01 HW_ Lane Changes / Overtaking_Excessive Steering_02 HW_ Lane Changes / Overtaking_Excessive Steering_04 HW_ Lane Changes / Overtaking_Insufficient Steering_01 HW_ Lane Changes / Overtaking_Insufficient Steering_04 HW_ Lane Changes / Overtaking_No Acceleration_02 HW_ Lane Changes / Overtaking_No Steering_01 HW_ Lane Changes / Overtaking_No Steering_04 HW_ Lane Changes / Overtaking_No Turn Signal_01 HW_ Lane Changes / Overtaking_No Turn Signal_02 | K65: HFS-019
A66: ADJ-07 | B66: File de véhicules arrêtés dans la voie adjacente | C66: HW-CRU | D66: justifié | E66: catalogue SERYTI | F66: Le HIRE de HW-CRU relie une déviation de commande sollicitée par la scène (Deceleration command, Steering command) au hazard de l'abstract (H1, H2) | G66: H1 Side collision, H2 Front collision | H66: Brake Lights command, Deceleration command, Steering command | I66: 48 | J66: HW_ Lane-Centered Cruise_Deceleration too late_03 HW_ Lane-Centered Cruise_No Steering_11 HW_ Lane-Centered Cruise_Excessive Steering_01 HW_ Lane-Centered Cruise_Excessive Steering_02 HW_ Lane-Centered Cruise_Excessive Steering_04 HW_ Lane-Centered Cruise_Insufficient Deceleration_01 HW_ Lane-Centered Cruise_Insufficient Deceleration_03 HW_ Lane-Centered Cruise_Insufficient Steering_01 HW_ Lane-Centered Cruise_Insufficient Steering_04 HW_ Lane-Centered Cruise_No Deceleration_01 | K66: HFS-029, HFS-030 | L66: [Out-of-ODD] Disabled / stopped vehicle in lane or shoulder
A67: ADJ-07 | B67: File de véhicules arrêtés dans la voie adjacente | C67: HW-FOL | D67: justifié | E67: catalogue SERYTI | F67: Le HIRE de HW-FOL relie une déviation de commande sollicitée par la scène (Deceleration command, Steering command) au hazard de l'abstract (H1, H2) | G67: H1 Side collision, H2 Front collision | H67: Brake Lights command, Deceleration command, Steering command | I67: 35 | J67: HW_ Lane-Centered Adaptive Follow_Excessive Steering_01 HW_ Lane-Centered Adaptive Follow_Excessive Steering_02 HW_ Lane-Centered Adaptive Follow_Excessive Steering_04 HW_ Lane-Centered Adaptive Follow_Insufficient Deceleration_01 HW_ Lane-Centered Adaptive Follow_Insufficient Deceleration_03 HW_ Lane-Centered Adaptive Follow_Insufficient Steering_01 HW_ Lane-Centered Adaptive Follow_Insufficient Steering_04 HW_ Lane-Centered Adaptive Follow_No Deceleration_01 HW_ Lane-Centered Adaptive Follow_No Deceleration_02 HW_ Lane-Centered Adaptive Follow_No Deceleration_04 | K67: HFS-024, HFS-025 | M67: [Out-of-ODD] Disabled / stopped vehicle in lane or shoulder
A68: ADJ-07 | B68: File de véhicules arrêtés dans la voie adjacente | C68: HW-LC | D68: justifié | E68: catalogue SERYTI | F68: Le HIRE de HW-LC relie une déviation de commande sollicitée par la scène (Acceleration command, Deceleration command, Steering command, Turn Signal command) au hazard de l'abstract (H1, H2) | G68: H1 Side collision, H2 Front collision | H68: Acceleration command, Brake Lights command, Deceleration command, Steering command, Turn Signal command | I68: 35 | J68: HW_ Lane Changes / Overtaking_Excessive Acceleration_01 HW_ Lane Changes / Overtaking_Excessive Acceleration_02 HW_ Lane Changes / Overtaking_Excessive Acceleration_04 HW_ Lane Changes / Overtaking_Excessive Steering_01 HW_ Lane Changes / Overtaking_Excessive Steering_02 HW_ Lane Changes / Overtaking_Excessive Steering_04 HW_ Lane Changes / Overtaking_Insufficient Deceleration_01 HW_ Lane Changes / Overtaking_Insufficient Deceleration_03 HW_ Lane Changes / Overtaking_Insufficient Steering_01 HW_ Lane Changes / Overtaking_Insufficient Steering_04 | K68: HFS-019, HFS-020 | M68: [Out-of-ODD] Disabled / stopped vehicle in lane or shoulder
A69: LC-NOM-01 | B69: lane change free target lane | C69: HW-LC | D69: justifié | E69: catalogue SERYTI | F69: Le HIRE de HW-LC relie une déviation de commande sollicitée par la scène (Acceleration command, Steering command, Turn Signal command) au hazard de l'abstract (H1, H4, H5) | G69: H1 Side collision, H4 Intent not communicated, H5 Loss of stability / control | H69: Acceleration command, Steering command, Turn Signal command | I69: 34 | J69: HW_ Lane Changes / Overtaking_Excessive Acceleration_03 HW_ Lane Changes / Overtaking_Excessive Steering_01 HW_ Lane Changes / Overtaking_Excessive Steering_02 HW_ Lane Changes / Overtaking_Excessive Steering_03 HW_ Lane Changes / Overtaking_Excessive Steering_04 HW_ Lane Changes / Overtaking_Insufficient Acceleration_02 HW_ Lane Changes / Overtaking_Insufficient Steering_01 HW_ Lane Changes / Overtaking_Insufficient Steering_03 HW_ Lane Changes / Overtaking_Insufficient Steering_04 HW_ Lane Changes / Overtaking_No Acceleration_02 | K69: HFS-019, HFS-022, HFS-023
A70: LC-NOM-01 | B70: lane change free target lane | C70: URB-LC | D70: justifié | E70: catalogue SERYTI | F70: Le HIRE de URB-LC relie une déviation de commande sollicitée par la scène (Acceleration command, Steering command, Turn Signal command) au hazard de l'abstract (H1, H4, H5) | G70: H1 Side collision, H4 Intent not communicated, H5 Loss of stability / control | H70: Acceleration command, Steering command, Turn Signal command | I70: 33 | J70: URB_ Lane Changes / Overtaking_Excessive Acceleration_03 URB_ Lane Changes / Overtaking_Excessive Steering_01 URB_ Lane Changes / Overtaking_Excessive Steering_02 URB_ Lane Changes / Overtaking_Excessive Steering_03 URB_ Lane Changes / Overtaking_Excessive Steering_04 URB_ Lane Changes / Overtaking_Insufficient Acceleration_02 URB_ Lane Changes / Overtaking_Insufficient Steering_01 URB_ Lane Changes / Overtaking_Insufficient Steering_03 URB_ Lane Changes / Overtaking_Insufficient Steering_04 URB_ Lane Changes / Overtaking_No Acceleration_02 | K70: HFS-065, HFS-068, HFS-069
A71: LC-NOM-02 | B71: lane change into gap with surrounding traffic | C71: HW-LC | D71: justifié | E71: catalogue SERYTI | F71: Le HIRE de HW-LC relie une déviation de commande sollicitée par la scène (Acceleration command, Deceleration command, Steering command, Turn Signal command) au hazard de l'abstract (H1, H2, H3, H4) | G71: H1 Side collision, H2 Front collision, H3 Rear-end by follower, H4 Intent not communicated | H71: Acceleration command, Deceleration command, Steering command, Turn Signal command | I71: 48 | J71: HW_ Lane Changes / Overtaking_Excessive Acceleration_01 HW_ Lane Changes / Overtaking_Excessive Acceleration_02 HW_ Lane Changes / Overtaking_Excessive Acceleration_04 HW_ Lane Changes / Overtaking_Excessive Deceleration_01 HW_ Lane Changes / Overtaking_Excessive Deceleration_02 HW_ Lane Changes / Overtaking_Excessive Deceleration_04 HW_ Lane Changes / Overtaking_Excessive Steering_01 HW_ Lane Changes / Overtaking_Excessive Steering_02 HW_ Lane Changes / Overtaking_Excessive Steering_04 HW_ Lane Changes / Overtaking_Insufficient Acceleration_01 | K71: HFS-019, HFS-020, HFS-021, HFS-022
A72: LC-NOM-02 | B72: lane change into gap with surrounding traffic | C72: URB-LC | D72: justifié | E72: catalogue SERYTI | F72: Le HIRE de URB-LC relie une déviation de commande sollicitée par la scène (Acceleration command, Deceleration command, Steering command, Turn Signal command) au hazard de l'abstract (H1, H2, H3, H4) | G72: H1 Side collision, H2 Front collision, H3 Rear-end by follower, H4 Intent not communicated | H72: Acceleration command, Deceleration command, Steering command, Turn Signal command | I72: 48 | J72: URB_ Lane Changes / Overtaking_Excessive Acceleration_01 URB_ Lane Changes / Overtaking_Excessive Acceleration_02 URB_ Lane Changes / Overtaking_Excessive Acceleration_04 URB_ Lane Changes / Overtaking_Excessive Deceleration_01 URB_ Lane Changes / Overtaking_Excessive Deceleration_02 URB_ Lane Changes / Overtaking_Excessive Deceleration_04 URB_ Lane Changes / Overtaking_Excessive Steering_01 URB_ Lane Changes / Overtaking_Excessive Steering_02 URB_ Lane Changes / Overtaking_Excessive Steering_04 URB_ Lane Changes / Overtaking_Insufficient Acceleration_01 | K72: HFS-065, HFS-066, HFS-067, HFS-068
A73: LC-NOM-03 | B73: overtake slow lead | C73: HW-LC | D73: justifié | E73: catalogue SERYTI | F73: Le HIRE de HW-LC relie une déviation de commande sollicitée par la scène (Acceleration command, Deceleration command, Steering command, Turn Signal command) au hazard de l'abstract (H1, H2, H3) | G73: H1 Side collision, H2 Front collision, H3 Rear-end by follower | H73: Acceleration command, Deceleration command, Steering command, Turn Signal command | I73: 46 | J73: HW_ Lane Changes / Overtaking_Excessive Acceleration_01 HW_ Lane Changes / Overtaking_Excessive Acceleration_02 HW_ Lane Changes / Overtaking_Excessive Acceleration_04 HW_ Lane Changes / Overtaking_Excessive Deceleration_01 HW_ Lane Changes / Overtaking_Excessive Deceleration_02 HW_ Lane Changes / Overtaking_Excessive Deceleration_04 HW_ Lane Changes / Overtaking_Excessive Steering_01 HW_ Lane Changes / Overtaking_Excessive Steering_02 HW_ Lane Changes / Overtaking_Excessive Steering_04 HW_ Lane Changes / Overtaking_Insufficient Acceleration_01 | K73: HFS-019, HFS-020, HFS-021
A74: LC-NOM-04 | B74: return lane after overtake | C74: HW-LC | D74: justifié | E74: catalogue SERYTI | F74: Le HIRE de HW-LC relie une déviation de commande sollicitée par la scène (Acceleration command, Steering command, Turn Signal command) au hazard de l'abstract (H1, H2, H3) | G74: H1 Side collision, H2 Front collision, H3 Rear-end by follower | H74: Acceleration command, Steering command, Turn Signal command | I74: 35 | J74: HW_ Lane Changes / Overtaking_Excessive Acceleration_01 HW_ Lane Changes / Overtaking_Excessive Acceleration_02 HW_ Lane Changes / Overtaking_Excessive Acceleration_04 HW_ Lane Changes / Overtaking_Excessive Steering_01 HW_ Lane Changes / Overtaking_Excessive Steering_02 HW_ Lane Changes / Overtaking_Excessive Steering_04 HW_ Lane Changes / Overtaking_Insufficient Acceleration_01 HW_ Lane Changes / Overtaking_Insufficient Acceleration_03 HW_ Lane Changes / Overtaking_Insufficient Steering_01 HW_ Lane Changes / Overtaking_Insufficient Steering_02 | K74: HFS-019, HFS-020, HFS-021
A75: LC-TGT-01 | B75: lane change with fast rear approach | C75: HW-LC | D75: justifié | E75: catalogue SERYTI | F75: Le HIRE de HW-LC relie une déviation de commande sollicitée par la scène (Acceleration command, Steering command, Turn Signal command) au hazard de l'abstract (H1, H2, H3) | G75: H1 Side collision, H2 Front collision, H3 Rear-end by follower | H75: Acceleration command, Steering command, Turn Signal command | I75: 35 | J75: HW_ Lane Changes / Overtaking_Excessive Acceleration_01 HW_ Lane Changes / Overtaking_Excessive Acceleration_02 HW_ Lane Changes / Overtaking_Excessive Acceleration_04 HW_ Lane Changes / Overtaking_Excessive Steering_01 HW_ Lane Changes / Overtaking_Excessive Steering_02 HW_ Lane Changes / Overtaking_Excessive Steering_04 HW_ Lane Changes / Overtaking_Insufficient Acceleration_01 HW_ Lane Changes / Overtaking_Insufficient Acceleration_03 HW_ Lane Changes / Overtaking_Insufficient Steering_01 HW_ Lane Changes / Overtaking_Insufficient Steering_02 | K75: HFS-019, HFS-020, HFS-021
A76: LC-TGT-01 | B76: lane change with fast rear approach | C76: URB-LC | D76: justifié | E76: catalogue SERYTI | F76: Le HIRE de URB-LC relie une déviation de commande sollicitée par la scène (Acceleration command, Steering command, Turn Signal command) au hazard de l'abstract (H1, H2, H3) | G76: H1 Side collision, H2 Front collision, H3 Rear-end by follower | H76: Acceleration command, Steering command, Turn Signal command | I76: 35 | J76: URB_ Lane Changes / Overtaking_Excessive Acceleration_01 URB_ Lane Changes / Overtaking_Excessive Acceleration_02 URB_ Lane Changes / Overtaking_Excessive Acceleration_04 URB_ Lane Changes / Overtaking_Excessive Steering_01 URB_ Lane Changes / Overtaking_Excessive Steering_02 URB_ Lane Changes / Overtaking_Excessive Steering_04 URB_ Lane Changes / Overtaking_Insufficient Acceleration_01 URB_ Lane Changes / Overtaking_Insufficient Acceleration_03 URB_ Lane Changes / Overtaking_Insufficient Steering_01 URB_ Lane Changes / Overtaking_Insufficient Steering_02 | K76: HFS-065, HFS-066, HFS-067
A77: LC-TGT-02 | B77: lane change with simultaneous merge from far lane | C77: HW-LC | D77: justifié | E77: catalogue SERYTI | F77: Le HIRE de HW-LC relie une déviation de commande sollicitée par la scène (Acceleration command, Deceleration command, Steering command, Turn Signal command) au hazard de l'abstract (H1, H4) | G77: H1 Side collision, H4 Intent not communicated | H77: Acceleration command, Deceleration command, Steering command, Turn Signal command | I77: 26 | J77: HW_ Lane Changes / Overtaking_Excessive Steering_01 HW_ Lane Changes / Overtaking_Excessive Steering_02 HW_ Lane Changes / Overtaking_Excessive Steering_04 HW_ Lane Changes / Overtaking_Insufficient Steering_01 HW_ Lane Changes / Overtaking_Insufficient Steering_04 HW_ Lane Changes / Overtaking_No Acceleration_02 HW_ Lane Changes / Overtaking_No Deceleration_02 HW_ Lane Changes / Overtaking_No Steering_01 HW_ Lane Changes / Overtaking_No Steering_04 HW_ Lane Changes / Overtaking_No Turn Signal_01 | K77: HFS-019, HFS-022
A78: LC-TGT-03 | B78: lane change with closing gap | C78: HW-LC | D78: justifié | E78: catalogue SERYTI | F78: Le HIRE de HW-LC relie une déviation de commande sollicitée par la scène (Acceleration command, Steering command, Turn Signal command) au hazard de l'abstract (H1, H2, H3) | G78: H1 Side collision, H2 Front collision, H3 Rear-end by follower | H78: Acceleration command, Steering command, Turn Signal command | I78: 35 | J78: HW_ Lane Changes / Overtaking_Excessive Acceleration_01 HW_ Lane Changes / Overtaking_Excessive Acceleration_02 HW_ Lane Changes / Overtaking_Excessive Acceleration_04 HW_ Lane Changes / Overtaking_Excessive Steering_01 HW_ Lane Changes / Overtaking_Excessive Steering_02 HW_ Lane Changes / Overtaking_Excessive Steering_04 HW_ Lane Changes / Overtaking_Insufficient Acceleration_01 HW_ Lane Changes / Overtaking_Insufficient Acceleration_03 HW_ Lane Changes / Overtaking_Insufficient Steering_01 HW_ Lane Changes / Overtaking_Insufficient Steering_02 | K78: HFS-019, HFS-020, HFS-021
A79: LC-TGT-03 | B79: lane change with closing gap | C79: HW-ONR | D79: justifié | E79: catalogue SERYTI | F79: Le HIRE de HW-ONR relie une déviation de commande sollicitée par la scène (Acceleration command, Deceleration command, Steering command, Turn Signal command) au hazard de l'abstract (H1, H2, H3) | G79: H1 Side collision, H2 Front collision, H3 Rear-end by follower | H79: Acceleration command, Deceleration command, Steering command, Turn Signal command | I79: 47 | J79: HW_ On-Ramp Merge_Excessive Acceleration_01 HW_ On-Ramp Merge_Excessive Acceleration_02 HW_ On-Ramp Merge_Excessive Acceleration_04 HW_ On-Ramp Merge_Excessive Deceleration_01 HW_ On-Ramp Merge_Excessive Deceleration_02 HW_ On-Ramp Merge_Excessive Deceleration_04 HW_ On-Ramp Merge_Excessive Steering_01 HW_ On-Ramp Merge_Excessive Steering_02 HW_ On-Ramp Merge_Excessive Steering_04 HW_ On-Ramp Merge_Insufficient Acceleration_01 | K79: HFS-040, HFS-041, HFS-042
A80: LC-TGT-04 | B80: lane change with target lead braking | C80: HW-LC | D80: justifié | E80: catalogue SERYTI | F80: Le HIRE de HW-LC relie une déviation de commande sollicitée par la scène (Acceleration command, Deceleration command, Steering command) au hazard de l'abstract (H2, H3) | G80: H2 Front collision, H3 Rear-end by follower | H80: Acceleration command, Brake Lights command, Deceleration command, Steering command, Turn Signal command | I80: 22 | J80: HW_ Lane Changes / Overtaking_Excessive Acceleration_01 HW_ Lane Changes / Overtaking_Excessive Acceleration_02 HW_ Lane Changes / Overtaking_Excessive Acceleration_04 HW_ Lane Changes / Overtaking_Excessive Deceleration_01 HW_ Lane Changes / Overtaking_Excessive Deceleration_02 HW_ Lane Changes / Overtaking_Excessive Deceleration_04 HW_ Lane Changes / Overtaking_Insufficient Acceleration_01 HW_ Lane Changes / Overtaking_Insufficient Acceleration_03 HW_ Lane Changes / Overtaking_Insufficient Deceleration_01 HW_ Lane Changes / Overtaking_Insufficient Deceleration_03 | K80: HFS-020, HFS-021
... A82: LC-TGT-06 | B82: lane change with motorcycle in blind spot | C82: HW-LC | D82: justifié | E82: catalogue SERYTI | F82: Le HIRE de HW-LC relie une déviation de commande sollicitée par la scène (Acceleration command, Steering command, Turn Signal command) au hazard de l'abstract (H1) | G82: H1 Side collision | H82: Acceleration command, Steering command, Turn Signal command | I82: 23 | J82: HW_ Lane Changes / Overtaking_Excessive Steering_01 HW_ Lane Changes / Overtaking_Excessive Steering_02 HW_ Lane Changes / Overtaking_Excessive Steering_04 HW_ Lane Changes / Overtaking_Insufficient Steering_01 HW_ Lane Changes / Overtaking_Insufficient Steering_04 HW_ Lane Changes / Overtaking_No Acceleration_02 HW_ Lane Changes / Overtaking_No Steering_01 HW_ Lane Changes / Overtaking_No Steering_04 HW_ Lane Changes / Overtaking_No Turn Signal_01 HW_ Lane Changes / Overtaking_No Turn Signal_02 | K82: HFS-019
A83: LC-TGT-07 | B83: lane change next to large or unstable vehicle | C83: HW-LC | D83: justifié | E83: catalogue SERYTI | F83: Le HIRE de HW-LC relie une déviation de commande sollicitée par la scène (Acceleration command, Steering command, Turn Signal command) au hazard de l'abstract (H1) | G83: H1 Side collision | H83: Acceleration command, Steering command, Turn Signal command | I83: 23 | J83: HW_ Lane Changes / Overtaking_Excessive Steering_01 HW_ Lane Changes / Overtaking_Excessive Steering_02 HW_ Lane Changes / Overtaking_Excessive Steering_04 HW_ Lane Changes / Overtaking_Insufficient Steering_01 HW_ Lane Changes / Overtaking_Insufficient Steering_04 HW_ Lane Changes / Overtaking_No Acceleration_02 HW_ Lane Changes / Overtaking_No Steering_01 HW_ Lane Changes / Overtaking_No Steering_04 HW_ Lane Changes / Overtaking_No Turn Signal_01 HW_ Lane Changes / Overtaking_No Turn Signal_02 | K83: HFS-019 | M83: Lane Width — narrow (down to 2.5 m)
A84: LC-TGT-07 | B84: lane change next to large or unstable vehicle | C84: HW-CRU | D84: justifié | E84: catalogue SERYTI | F84: Le HIRE de HW-CRU relie une déviation de commande sollicitée par la scène (Steering command) au hazard de l'abstract (H1) | G84: H1 Side collision | H84: Steering command | I84: 31 | J84: HW_ Lane-Centered Cruise_Excessive Steering_07 HW_ Lane-Centered Cruise_Insufficient Steering_09 HW_ Lane-Centered Cruise_Excessive Steering_01 HW_ Lane-Centered Cruise_Excessive Steering_02 HW_ Lane-Centered Cruise_Excessive Steering_04 HW_ Lane-Centered Cruise_Insufficient Steering_01 HW_ Lane-Centered Cruise_Insufficient Steering_04 HW_ Lane-Centered Cruise_No Steering_01 HW_ Lane-Centered Cruise_No Steering_04 HW_ Lane-Centered Cruise_Steering for too long / stuck_01 | K84: HFS-029 | L84: Lane Width — narrow (down to 2.5 m)
A85: LC-TGT-07 | B85: lane change next to large or unstable vehicle | C85: HW-FOL | D85: justifié | E85: catalogue SERYTI | F85: Le HIRE de HW-FOL relie une déviation de commande sollicitée par la scène (Steering command) au hazard de l'abstract (H1) | G85: H1 Side collision | H85: Steering command | I85: 15 | J85: HW_ Lane-Centered Adaptive Follow_Excessive Steering_01 HW_ Lane-Centered Adaptive Follow_Excessive Steering_02 HW_ Lane-Centered Adaptive Follow_Excessive Steering_04 HW_ Lane-Centered Adaptive Follow_Insufficient Steering_01 HW_ Lane-Centered Adaptive Follow_Insufficient Steering_04 HW_ Lane-Centered Adaptive Follow_No Steering_01 HW_ Lane-Centered Adaptive Follow_No Steering_04 HW_ Lane-Centered Adaptive Follow_Steering for too long / stuck_01 HW_ Lane-Centered Adaptive Follow_Steering for too long / stuck_03 HW_ Lane-Centered Adaptive Follow_Steering in opposite direction_01 | K85: HFS-024 | M85: Lane Width — narrow (down to 2.5 m)
A86: LC-CUR-01 | B86: lane change with origin lead braking | C86: HW-LC | D86: justifié | E86: catalogue SERYTI | F86: Le HIRE de HW-LC relie une déviation de commande sollicitée par la scène (Acceleration command, Deceleration command, Steering command, Turn Signal command) au hazard de l'abstract (H1, H2, H3, H4) | G86: H1 Side collision, H2 Front collision, H3 Rear-end by follower, H4 Intent not communicated | H86: Acceleration command, Brake Lights command, Deceleration command, Steering command, Turn Signal command | I86: 48 | J86: HW_ Lane Changes / Overtaking_Excessive Acceleration_01 HW_ Lane Changes / Overtaking_Excessive Acceleration_02 HW_ Lane Changes / Overtaking_Excessive Acceleration_04 HW_ Lane Changes / Overtaking_Excessive Deceleration_01 HW_ Lane Changes / Overtaking_Excessive Deceleration_02 HW_ Lane Changes / Overtaking_Excessive Deceleration_04 HW_ Lane Changes / Overtaking_Excessive Steering_01 HW_ Lane Changes / Overtaking_Excessive Steering_02 HW_ Lane Changes / Overtaking_Excessive Steering_04 HW_ Lane Changes / Overtaking_Insufficient Acceleration_01 | K86: HFS-019, HFS-020, HFS-021, HFS-022
A87: LC-CUR-01 | B87: lane change with origin lead braking | C87: URB-LC | D87: justifié | E87: catalogue SERYTI | F87: Le HIRE de URB-LC relie une déviation de commande sollicitée par la scène (Acceleration command, Deceleration command, Steering command, Turn Signal command) au hazard de l'abstract (H1, H2, H3, H4) | G87: H1 Side collision, H2 Front collision, H3 Rear-end by follower, H4 Intent not communicated | H87: Acceleration command, Brake Lights command, Deceleration command, Steering command, Turn Signal command | I87: 48 | J87: URB_ Lane Changes / Overtaking_Excessive Acceleration_01 URB_ Lane Changes / Overtaking_Excessive Acceleration_02 URB_ Lane Changes / Overtaking_Excessive Acceleration_04 URB_ Lane Changes / Overtaking_Excessive Deceleration_01 URB_ Lane Changes / Overtaking_Excessive Deceleration_02 URB_ Lane Changes / Overtaking_Excessive Deceleration_04 URB_ Lane Changes / Overtaking_Excessive Steering_01 URB_ Lane Changes / Overtaking_Excessive Steering_02 URB_ Lane Changes / Overtaking_Excessive Steering_04 URB_ Lane Changes / Overtaking_Insufficient Acceleration_01 | K87: HFS-065, HFS-066, HFS-067, HFS-068
A88: LC-CUR-02 | B88: evasive lane change after lead cut out | C88: HW-LC | D88: justifié | E88: catalogue SERYTI | F88: Le HIRE de HW-LC relie une déviation de commande sollicitée par la scène (Acceleration command, Deceleration command, Steering command, Turn Signal command) au hazard de l'abstract (H1, H2, H3, H4) | G88: H1 Side collision, H2 Front collision, H3 Rear-end by follower, H4 Intent not communicated | H88: Acceleration command, Brake Lights command, Deceleration command, Steering command, Turn Signal command | I88: 48 | J88: HW_ Lane Changes / Overtaking_Excessive Acceleration_01 HW_ Lane Changes / Overtaking_Excessive Acceleration_02 HW_ Lane Changes / Overtaking_Excessive Acceleration_04 HW_ Lane Changes / Overtaking_Excessive Deceleration_01 HW_ Lane Changes / Overtaking_Excessive Deceleration_02 HW_ Lane Changes / Overtaking_Excessive Deceleration_04 HW_ Lane Changes / Overtaking_Excessive Steering_01 HW_ Lane Changes / Overtaking_Excessive Steering_02 HW_ Lane Changes / Overtaking_Excessive Steering_04 HW_ Lane Changes / Overtaking_Insufficient Acceleration_01 | K88: HFS-019, HFS-020, HFS-021, HFS-022 | M88: [Out-of-ODD] Disabled / stopped vehicle in lane or shoulder, Foreign Object Debris (FOD) in lane, [Out-of-ODD] Tire debris / blown tire / lost cargo
A89: LC-CUR-02 | B89: evasive lane change after lead cut out | C89: HW-FOL | D89: justifié | E89: catalogue SERYTI | F89: Le HIRE de HW-FOL relie une déviation de commande sollicitée par la scène (Acceleration command, Brake Lights command, Deceleration command, Steering command) au hazard de l'abstract (H1, H2, H3, H4) | G89: H1 Side collision, H2 Front collision, H3 Rear-end by follower, H4 Intent not communicated | H89: Acceleration command, Brake Lights command, Deceleration command, Steering command | I89: 59 | J89: HW_ Lane-Centered Adaptive Follow_Brake Lights for too long / stuck_01 HW_ Lane-Centered Adaptive Follow_Brake Lights too late_01 HW_ Lane-Centered Adaptive Follow_Excessive Acceleration_01 HW_ Lane-Centered Adaptive Follow_Excessive Acceleration_02 HW_ Lane-Centered Adaptive Follow_Excessive Acceleration_04 HW_ Lane-Centered Adaptive Follow_Excessive Deceleration_01 HW_ Lane-Centered Adaptive Follow_Excessive Deceleration_02 HW_ Lane-Centered Adaptive Follow_Excessive Deceleration_04 HW_ Lane-Centered Adaptive Follow_Excessive Steering_01 HW_ Lane-Centered Adaptive Follow_Excessive Steering_02 | K89: HFS-024, HFS-025, HFS-026, HFS-027 | M89: [Out-of-ODD] Disabled / stopped vehicle in lane or shoulder, Foreign Object Debris (FOD) in lane, [Out-of-ODD] Tire debris / blown tire / lost cargo
A90: LC-CUR-02 | B90: evasive lane change after lead cut out | C90: HW-ESL | D90: justifié | E90: catalogue SERYTI | F90: Le HIRE de HW-ESL relie une déviation de commande sollicitée par la scène (Acceleration command, Deceleration command, Hazard Lights command, Steering command) au hazard de l'abstract (H1, H2, H3, H4) | G90: H1 Side collision, H2 Front collision, H3 Rear-end by follower, H4 Intent not communicated | H90: Acceleration command, Brake Lights command, Deceleration command, Hazard Lights command, Steering command | I90: 32 | J90: HW_ Emergency Stop in Lane_Excessive Acceleration_01 HW_ Emergency Stop in Lane_Excessive Deceleration_01 HW_ Emergency Stop in Lane_Excessive Deceleration_03 HW_ Emergency Stop in Lane_Excessive Steering_01 HW_ Emergency Stop in Lane_Excessive Steering_02 HW_ Emergency Stop in Lane_Hazard Lights too late_01 HW_ Emergency Stop in Lane_Hazard Lights too late_02 HW_ Emergency Stop in Lane_Hazard Lights too late_03 HW_ Emergency Stop in Lane_Insufficient Steering_01 HW_ Emergency Stop in Lane_Insufficient Steering_02 | K90: HFS-013, HFS-014, HFS-015, HFS-016, HFS-017, HFS-045 | M90: [Out-of-ODD] Disabled / stopped vehicle in lane or shoulder, Foreign Object Debris (FOD) in lane, [Out-of-ODD] Tire debris / blown tire / lost cargo
A91: LC-CUR-02 | B91: evasive lane change after lead cut out | C91: HW-ELM | D91: justifié | E91: catalogue SERYTI | F91: Le HIRE de HW-ELM relie une déviation de commande sollicitée par la scène (Acceleration command, Deceleration command, Hazard Lights command, Steering command) au hazard de l'abstract (H1, H2, H3, H4) | G91: H1 Side collision, H2 Front collision, H3 Rear-end by follower, H4 Intent not communicated | H91: Acceleration command, Brake Lights command, Deceleration command, Hazard Lights command, Steering command, Turn Signal command | I91: 27 | J91: HW_ Emergency Lateral Motion_Excessive Acceleration_01 HW_ Emergency Lateral Motion_Excessive Deceleration_01 HW_ Emergency Lateral Motion_Excessive Deceleration_03 HW_ Emergency Lateral Motion_Excessive Steering_01 HW_ Emergency Lateral Motion_Excessive Steering_02 HW_ Emergency Lateral Motion_Hazard Lights too late_01 HW_ Emergency Lateral Motion_Hazard Lights too late_02 HW_ Emergency Lateral Motion_Insufficient Steering_01 HW_ Emergency Lateral Motion_Insufficient Steering_02 HW_ Emergency Lateral Motion_No Acceleration_01 | K91: HFS-008, HFS-009, HFS-010, HFS-011 | M91: [Out-of-ODD] Disabled / stopped vehicle in lane or shoulder, Foreign Object Debris (FOD) in lane, [Out-of-ODD] Tire debris / blown tire / lost cargo
A92: LC-CUR-02 | B92: evasive lane change after lead cut out | C92: HW-CRU | D92: justifié | E92: catalogue SERYTI | F92: Le HIRE de HW-CRU relie une déviation de commande sollicitée par la scène (Acceleration command, Deceleration command, Steering command) au hazard de l'abstract (H1, H2, H3, H4) | G92: H1 Side collision, H2 Front collision, H3 Rear-end by follower, H4 Intent not communicated | H92: Acceleration command, Brake Lights command, Deceleration command, Steering command | I92: 71 | J92: HW_ Lane-Centered Cruise_Deceleration too late_03 HW_ Lane-Centered Cruise_Excessive Steering_08 HW_ Lane-Centered Cruise_No Steering_08 HW_ Lane-Centered Cruise_No Steering_10 HW_ Lane-Centered Cruise_No Steering_11 HW_ Lane-Centered Cruise_Unintended Deceleration_05 HW_ Lane-Centered Cruise_Excessive Acceleration_01 HW_ Lane-Centered Cruise_Excessive Acceleration_02 HW_ Lane-Centered Cruise_Excessive Acceleration_04 HW_ Lane-Centered Cruise_Excessive Deceleration_01 | K92: HFS-029, HFS-030, HFS-031, HFS-032 | L92: [Out-of-ODD] Disabled / stopped vehicle in lane or shoulder, Foreign Object Debris (FOD) in lane, [Out-of-ODD] Tire debris / blown tire / lost cargo
A93: LC-CUR-03 | B93: lane change with tailgating follower | C93: HW-LC | D93: justifié | E93: catalogue SERYTI | F93: Le HIRE de HW-LC relie une déviation de commande sollicitée par la scène (Acceleration command, Deceleration command, Steering command, Turn Signal command) au hazard de l'abstract (H1, H2, H3, H4) | G93: H1 Side collision, H2 Front collision, H3 Rear-end by follower, H4 Intent not communicated | H93: Acceleration command, Deceleration command, Steering command, Turn Signal command | I93: 48 | J93: HW_ Lane Changes / Overtaking_Excessive Acceleration_01 HW_ Lane Changes / Overtaking_Excessive Acceleration_02 HW_ Lane Changes / Overtaking_Excessive Acceleration_04 HW_ Lane Changes / Overtaking_Excessive Deceleration_01 HW_ Lane Changes / Overtaking_Excessive Deceleration_02 HW_ Lane Changes / Overtaking_Excessive Deceleration_04 HW_ Lane Changes / Overtaking_Excessive Steering_01 HW_ Lane Changes / Overtaking_Excessive Steering_02 HW_ Lane Changes / Overtaking_Excessive Steering_04 HW_ Lane Changes / Overtaking_Insufficient Acceleration_01 | K93: HFS-019, HFS-020, HFS-021, HFS-022
A94: RMP-01 | B94: Insertion : gap accepté en fin de voie d'accélération | C94: HW-ONR | D94: justifié | E94: catalogue SERYTI | F94: Le HIRE de HW-ONR relie une déviation de commande sollicitée par la scène (Acceleration command, Deceleration command, Steering command, Turn Signal command) au hazard de l'abstract (H1, H3) | G94: H1 Side collision, H3 Rear-end by follower | H94: Acceleration command, Deceleration command, Steering command, Turn Signal command | I94: 36 | J94: HW_ On-Ramp Merge_Excessive Deceleration_01 HW_ On-Ramp Merge_Excessive Deceleration_02 HW_ On-Ramp Merge_Excessive Deceleration_04 HW_ On-Ramp Merge_Excessive Steering_01 HW_ On-Ramp Merge_Excessive Steering_02 HW_ On-Ramp Merge_Excessive Steering_04 HW_ On-Ramp Merge_Insufficient Acceleration_01 HW_ On-Ramp Merge_Insufficient Acceleration_03 HW_ On-Ramp Merge_Insufficient Steering_01 HW_ On-Ramp Merge_Insufficient Steering_02 | K94: HFS-040, HFS-042
A95: RMP-02 | B95: Insertion : voie d'accélération courte | C95: HW-ONR | D95: justifié | E95: catalogue SERYTI | F95: Le HIRE de HW-ONR relie une déviation de commande sollicitée par la scène (Acceleration command, Deceleration command, Steering command, Turn Signal command) au hazard de l'abstract (H1, H3) | G95: H1 Side collision, H3 Rear-end by follower | H95: Acceleration command, Deceleration command, Steering command, Turn Signal command | I95: 36 | J95: HW_ On-Ramp Merge_Excessive Deceleration_01 HW_ On-Ramp Merge_Excessive Deceleration_02 HW_ On-Ramp Merge_Excessive Deceleration_04 HW_ On-Ramp Merge_Excessive Steering_01 HW_ On-Ramp Merge_Excessive Steering_02 HW_ On-Ramp Merge_Excessive Steering_04 HW_ On-Ramp Merge_Insufficient Acceleration_01 HW_ On-Ramp Merge_Insufficient Acceleration_03 HW_ On-Ramp Merge_Insufficient Steering_01 HW_ On-Ramp Merge_Insufficient Steering_02 | K95: HFS-040, HFS-042
A96: RMP-03 | B96: Insertion : voie principale saturée | C96: HW-ONR | D96: justifié | E96: catalogue SERYTI | F96: Le HIRE de HW-ONR relie une déviation de commande sollicitée par la scène (Acceleration command, Deceleration command, Steering command, Turn Signal command) au hazard de l'abstract (H1, H3) | G96: H1 Side collision, H3 Rear-end by follower | H96: Acceleration command, Deceleration command, Steering command, Turn Signal command | I96: 36 | J96: HW_ On-Ramp Merge_Excessive Deceleration_01 HW_ On-Ramp Merge_Excessive Deceleration_02 HW_ On-Ramp Merge_Excessive Deceleration_04 HW_ On-Ramp Merge_Excessive Steering_01 HW_ On-Ramp Merge_Excessive Steering_02 HW_ On-Ramp Merge_Excessive Steering_04 HW_ On-Ramp Merge_Insufficient Acceleration_01 HW_ On-Ramp Merge_Insufficient Acceleration_03 HW_ On-Ramp Merge_Insufficient Steering_01 HW_ On-Ramp Merge_Insufficient Steering_02 | K96: HFS-040, HFS-042
A97: RMP-04 | B97: Insertion : véhicule lent ou arrêté devant sur la bretelle | C97: HW-ONR | D97: justifié | E97: catalogue SERYTI | F97: Le HIRE de HW-ONR relie une déviation de commande sollicitée par la scène (Acceleration command, Deceleration command, Steering command) au hazard de l'abstract (H2) | G97: H2 Front collision | H97: Acceleration command, Deceleration command, Steering command, Turn Signal command | I97: 11 | J97: HW_ On-Ramp Merge_Excessive Acceleration_01 HW_ On-Ramp Merge_Excessive Acceleration_02 HW_ On-Ramp Merge_Excessive Acceleration_04 HW_ On-Ramp Merge_Insufficient Deceleration_01 HW_ On-Ramp Merge_Insufficient Deceleration_03 HW_ On-Ramp Merge_No Deceleration_01 HW_ On-Ramp Merge_No Deceleration_04 HW_ On-Ramp Merge_No Steering_02 HW_ On-Ramp Merge_Unintended Acceleration_01 HW_ On-Ramp Merge_Unintended Acceleration_02 | K97: HFS-041
A98: RMP-05 | B98: Insertion : un véhicule de la voie principale se décale | C98: HW-ONR | D98: justifié | E98: catalogue SERYTI | F98: Le HIRE de HW-ONR relie une déviation de commande sollicitée par la scène (Acceleration command, Deceleration command, Steering command, Turn Signal command) au hazard de l'abstract (H1) | G98: H1 Side collision | H98: Acceleration command, Deceleration command, Steering command, Turn Signal command | I98: 24 | J98: HW_ On-Ramp Merge_Excessive Steering_01 HW_ On-Ramp Merge_Excessive Steering_02 HW_ On-Ramp Merge_Excessive Steering_04 HW_ On-Ramp Merge_Insufficient Steering_01 HW_ On-Ramp Merge_Insufficient Steering_04 HW_ On-Ramp Merge_No Acceleration_02 HW_ On-Ramp Merge_No Deceleration_02 HW_ On-Ramp Merge_No Steering_01 HW_ On-Ramp Merge_No Steering_04 HW_ On-Ramp Merge_No Turn Signal_01 | K98: HFS-040
A99: RMP-06 | B99: Sortie : file d'attente sur la bretelle | C99: HW-OFR | D99: justifié | E99: catalogue SERYTI | F99: Le HIRE de HW-OFR relie une déviation de commande sollicitée par la scène (Acceleration command, Deceleration command) au hazard de l'abstract (H2) | G99: H2 Front collision | H99: Acceleration command, Deceleration command | I99: 10 | J99: HW_ Off-Ramp Exit_Excessive Acceleration_01 HW_ Off-Ramp Exit_Excessive Acceleration_02 HW_ Off-Ramp Exit_Excessive Acceleration_04 HW_ Off-Ramp Exit_Insufficient Deceleration_01 HW_ Off-Ramp Exit_Insufficient Deceleration_03 HW_ Off-Ramp Exit_No Deceleration_01 HW_ Off-Ramp Exit_No Deceleration_04 HW_ Off-Ramp Exit_Unintended Acceleration_01 HW_ Off-Ramp Exit_Unintended Acceleration_02 HW_ Off-Ramp Exit_Unintended Acceleration_04 | K99: HFS-036
A100: RMP-06 | B100: Sortie : file d'attente sur la bretelle | C100: HW-FOL | D100: justifié | E100: catalogue SERYTI | F100: Le HIRE de HW-FOL relie une déviation de commande sollicitée par la scène (Acceleration command, Deceleration command) au hazard de l'abstract (H2) | G100: H2 Front collision | H100: Acceleration command, Deceleration command | I100: 24 | J100: HW_ Lane-Centered Adaptive Follow_Excessive Acceleration_01 HW_ Lane-Centered Adaptive Follow_Excessive Acceleration_02 HW_ Lane-Centered Adaptive Follow_Excessive Acceleration_04 HW_ Lane-Centered Adaptive Follow_Insufficient Deceleration_01 HW_ Lane-Centered Adaptive Follow_Insufficient Deceleration_03 HW_ Lane-Centered Adaptive Follow_No Deceleration_01 HW_ Lane-Centered Adaptive Follow_No Deceleration_04 HW_ Lane-Centered Adaptive Follow_Unintended Acceleration_01 HW_ Lane-Centered Adaptive Follow_Unintended Acceleration_02 HW_ Lane-Centered Adaptive Follow_Unintended Acceleration_04 | K100: HFS-025
A101: RMP-07 | B101: Sortie manquée faute de gap | C101: HW-OFR | D101: justifié | E101: catalogue SERYTI | F101: Le HIRE de HW-OFR relie une déviation de commande sollicitée par la scène (Acceleration command, Deceleration command, Steering command, Turn Signal command) au hazard de l'abstract (H1, H3) | G101: H1 Side collision, H3 Rear-end by follower | H101: Acceleration command, Deceleration command, Steering command, Turn Signal command | I101: 35 | J101: HW_ Off-Ramp Exit_Excessive Deceleration_01 HW_ Off-Ramp Exit_Excessive Deceleration_02 HW_ Off-Ramp Exit_Excessive Deceleration_04 HW_ Off-Ramp Exit_Excessive Steering_01 HW_ Off-Ramp Exit_Excessive Steering_02 HW_ Off-Ramp Exit_Excessive Steering_04 HW_ Off-Ramp Exit_Insufficient Acceleration_01 HW_ Off-Ramp Exit_Insufficient Acceleration_03 HW_ Off-Ramp Exit_Insufficient Steering_01 HW_ Off-Ramp Exit_Insufficient Steering_02 | K101: HFS-035, HFS-037
A102: RMP-08 | B102: Sortie : virage serré de la bretelle | C102: HW-OFR | D102: justifié | E102: catalogue SERYTI | F102: Le HIRE de HW-OFR relie une déviation de commande sollicitée par la scène (Acceleration command, Deceleration command, Steering command) au hazard de l'abstract (H5) | G102: H5 Loss of stability / control | H102: Acceleration command, Deceleration command, Steering command | I102: 12 | J102: HW_ Off-Ramp Exit_Excessive Acceleration_03 HW_ Off-Ramp Exit_Excessive Deceleration_03 HW_ Off-Ramp Exit_Excessive Steering_03 HW_ Off-Ramp Exit_Insufficient Acceleration_02 HW_ Off-Ramp Exit_Insufficient Deceleration_02 HW_ Off-Ramp Exit_Insufficient Steering_03 HW_ Off-Ramp Exit_No Deceleration_03 HW_ Off-Ramp Exit_No Steering_03 HW_ Off-Ramp Exit_Steering for too long / stuck_02 HW_ Off-Ramp Exit_Unintended Acceleration_03 | K102: HFS-039 | M102: Slope — steep grade (up to ±8 %), Curvature — sharp curve (up to 0.25 1/m)
A103: RMP-09 | B103: Véhicule qui coupe le musoir au dernier moment | C103: HW-OFR | D103: justifié | E103: catalogue SERYTI | F103: Le HIRE de HW-OFR relie une déviation de commande sollicitée par la scène (Deceleration command, Steering command) au hazard de l'abstract (H2) | G103: H2 Front collision | H103: Deceleration command, Steering command | I103: 5 | J103: HW_ Off-Ramp Exit_Insufficient Deceleration_01 HW_ Off-Ramp Exit_Insufficient Deceleration_03 HW_ Off-Ramp Exit_No Deceleration_01 HW_ Off-Ramp Exit_No Deceleration_04 HW_ Off-Ramp Exit_No Steering_02 | K103: HFS-036 | M103: Vehicles — dense traffic / cut-in
A104: RMP-09 | B104: Véhicule qui coupe le musoir au dernier moment | C104: HW-CRU | D104: justifié | E104: catalogue SERYTI | F104: Le HIRE de HW-CRU relie une déviation de commande sollicitée par la scène (Deceleration command, Steering command) au hazard de l'abstract (H2) | G104: H2 Front collision | H104: Deceleration command, Steering command | I104: 15 | J104: HW_ Lane-Centered Cruise_Insufficient Deceleration_01 HW_ Lane-Centered Cruise_Insufficient Deceleration_03 HW_ Lane-Centered Cruise_No Deceleration_01 HW_ Lane-Centered Cruise_No Deceleration_04 HW_ Lane-Centered Cruise_No Steering_02 HW_ Lane-Centered Cruise_Deceleration too late_01 HW_ Lane-Centered Cruise_Deceleration too late_02 HW_ Lane-Centered Cruise_Deceleration too late_03 HW_ Lane-Centered Cruise_No Deceleration_05 HW_ Lane-Centered Cruise_No Deceleration_07 | K104: HFS-030 | M104: Vehicles — dense traffic / cut-in
...

Sheet Trous HIRE
A1: Trous du catalogue vus depuis le HIRE v2
A2: Combinaisons du HIRE (behavior × hazard, behavior × condition ODD) et abstracts qui les couvrent. Les états système « All / State » (84 lignes) ne sont pas des behaviors et ne sont pas comptés.
A4: Use case | B4: Behavior | C4: Type | D4: Combinaison HIRE | E4: Lignes HIRE | F4: dont MRM | G4: Malfunctions | H4: Abstracts qui couvrent | I4: Nb abstracts | J4: Statut | K4: Action proposée
A5: Highway | B5: HW-CRU | C5: Hazard | D5: H1 Side collision | E5: 34 | G5: Excessive Steering, Insufficient Steering, No Acceleration, No Deceleration, No Steering, Steering for too long / stuck, Steering in opposite direction, Steering too late | H5: LV-01, CI-01, CI-02, CI-03, CI-04, CI-05, CI-06, CI-08, ADJ-01, ADJ-02, ADJ-03, ADJ-04, ADJ-05, ADJ-06, ADJ-07, LC-TGT-07, LC-CUR-02, RMP-09, RMP-12, LC-RD-01, LC-RD-02, LC-RD-05, LC-RD-06, LC-RD-07, LC-RD-08, RD-09, RD-12, RD-14, EMV-06, LC-OOD-01, LC-OOD-02, LC-OOD-04, LC-REF-01, OBJ-03, OBJ-05, AB-03 | I5: =IF(H5="",0,LEN(H5)-LEN(SUBSTITUTE(H5,",",""))+1) | J5: =IF(I5>0,"couvert","trou")
A6: Highway | B6: HW-CRU | C6: Hazard | D6: H2 Front collision | E6: 23 | G6: Deceleration too late, Excessive Acceleration, Insufficient Deceleration, No Deceleration, No Steering, Steering too late, Unintended Acceleration | H6: LV-02, LV-05, LV-09, LV-11, CI-01, CI-02, CI-03, CI-04, CI-05, CI-06, CI-08, ADJ-07, LC-CUR-02, RMP-09, RMP-11, RMP-12, LC-RD-01, LC-RD-02, LC-RD-05, LC-RD-06, LC-RD-07, RD-10, RD-13, LC-OOD-01, LC-OOD-02, LC-OOD-04, LC-REF-01, OBJ-01, OBJ-04, OBJ-05, OBJ-06 | I6: =IF(H6="",0,LEN(H6)-LEN(SUBSTITUTE(H6,",",""))+1) | J6: =IF(I6>0,"couvert","trou")
A7: Highway | B7: HW-CRU | C7: Hazard | D7: H3 Rear-end by follower | E7: 13 | G7: Excessive Deceleration, Insufficient Acceleration, Insufficient Steering, No Acceleration, Unintended Deceleration | H7: LV-05, ADJ-07, LC-CUR-02, LC-RD-01, LC-RD-02, LC-RD-05, LC-RD-06, LC-RD-07, RD-13, LC-OOD-01, LC-OOD-02, LC-OOD-04, LC-REF-01, OBJ-01, OBJ-03, OBJ-04, OBJ-05, OBJ-06, AB-02 | I7: =IF(H7="",0,LEN(H7)-LEN(SUBSTITUTE(H7,",",""))+1) | J7: =IF(I7>0,"couvert","trou")
A8: Highway | B8: HW-CRU | C8: Hazard | D8: H4 Intent not communicated | E8: 3 | G8: No Horn, Steering too late, Unintended Turn Signal | H8: LC-CUR-02, LC-RD-01, LC-OOD-01, LC-OOD-02, LC-OOD-04, LC-REF-01 | I8: =IF(H8="",0,LEN(H8)-LEN(SUBSTITUTE(H8,",",""))+1) | J8: =IF(I8>0,"couvert","trou")
A9: Highway | B9: HW-CRU | C9: Hazard | D9: H5 Loss of stability / control | E9: 19 | G9: Excessive Acceleration, Excessive Deceleration, Excessive Steering, Insufficient Acceleration, Insufficient Deceleration, Insufficient Steering, No Deceleration, No Steering | H9: LV-01, LC-TGT-07, LC-RD-06, LC-RD-07, RD-09, RD-12, RD-13, RD-14, OBJ-01, OBJ-04 | I9: =IF(H9="",0,LEN(H9)-LEN(SUBSTITUTE(H9,",",""))+1) | J9: =IF(I9>0,"couvert","trou")
A10: Highway | B10: HW-CRU | C10: Hazard | D10: H6 Access / operational | E10: 1 | G10: No Steering | H10: EMV-06 | I10: =IF(H10="",0,LEN(H10)-LEN(SUBSTITUTE(H10,",",""))+1) | J10: =IF(I10>0,"couvert","trou")
A11: Highway | B11: HW-CRU | C11: Condition ODD | D11: Curvature — sharp curve (up to 0.25 1/m) | E11: 3 | G11: Excessive Acceleration, Insufficient Steering, Steering too late | H11: LC-RD-07, RD-14 | I11: =IF(H11="",0,LEN(H11)-LEN(SUBSTITUTE(H11,",",""))+1) | J11: =IF(I11>0,"couvert","trou")
A12: Highway | B12: HW-CRU | C12: Condition ODD | D12: Foreign Object Debris (FOD) in lane | E12: 3 | G12: Excessive Steering, No Steering, Unintended Deceleration | H12: LC-CUR-02, OBJ-01, OBJ-06 | I12: =IF(H12="",0,LEN(H12)-LEN(SUBSTITUTE(H12,",",""))+1) | J12: =IF(I12>0,"couvert","trou")
A13: Highway | B13: HW-CRU | C13: Condition ODD | D13: Lane Boundary — degraded / absent markings | E13: 2 | G13: Insufficient Steering, No Steering | H13: LC-RD-06 | I13: =IF(H13="",0,LEN(H13)-LEN(SUBSTITUTE(H13,",",""))+1) | J13: =IF(I13>0,"couvert","trou")
A14: Highway | B14: HW-CRU | C14: Condition ODD | D14: Lane Width — narrow (down to 2.5 m) | E14: 2 | G14: Excessive Steering, Insufficient Steering | H14: LC-TGT-07, RD-09 | I14: =IF(H14="",0,LEN(H14)-LEN(SUBSTITUTE(H14,",",""))+1) | J14: =IF(I14>0,"couvert","trou")
A15: Highway | B15: HW-CRU | C15: Condition ODD | D15: Rain — Heavy / standing water | E15: 2 | G15: Excessive Acceleration, Excessive Steering | I15: =IF(H15="",0,LEN(H15)-LEN(SUBSTITUTE(H15,",",""))+1) | J15: =IF(I15>0,"couvert","trou") | K15: non modélisé au jalon 1 (perception parfaite, adhérence)
A16: Highway | B16: HW-CRU | C16: Condition ODD | D16: Rain — Light / Moderate (wet road) | E16: 2 | G16: Excessive Acceleration, Excessive Steering | I16: =IF(H16="",0,LEN(H16)-LEN(SUBSTITUTE(H16,",",""))+1) | J16: =IF(I16>0,"couvert","trou") | K16: non modélisé au jalon 1 (perception parfaite, adhérence)
A17: Highway | B17: HW-CRU | C17: Condition ODD | D17: Sun Angle — low sun / glare | E17: 3 | G17: Insufficient Steering, No Steering, Steering too late | I17: =IF(H17="",0,LEN(H17)-LEN(SUBSTITUTE(H17,",",""))+1) | J17: =IF(I17>0,"couvert","trou") | K17: non modélisé au jalon 1 (perception parfaite, adhérence)
A18: Highway | B18: HW-CRU | C18: Condition ODD | D18: Wind — strong crosswind / gusts | E18: 4 | G18: Excessive Acceleration, Insufficient Steering, Steering too late | H18: RD-12 | I18: =IF(H18="",0,LEN(H18)-LEN(SUBSTITUTE(H18,",",""))+1) | J18: =IF(I18>0,"couvert","trou")
A19: Highway | B19: HW-CRU | C19: Condition ODD | D19: Work Zones | E19: 3 | G19: Excessive Acceleration, No Steering, Steering too late | H19: LC-RD-02 | I19: =IF(H19="",0,LEN(H19)-LEN(SUBSTITUTE(H19,",",""))+1) | J19: =IF(I19>0,"couvert","trou")
A20: Highway | B20: HW-CRU | C20: Condition ODD | D20: [Out-of-ODD] Animal on roadway | E20: 3 | G20: Deceleration too late, Excessive Steering, No Steering | H20: OBJ-04 | I20: =IF(H20="",0,LEN(H20)-LEN(SUBSTITUTE(H20,",",""))+1) | J20: =IF(I20>0,"couvert","trou")
A21: Highway | B21: HW-CRU | C21: Condition ODD | D21: [Out-of-ODD] Crash scene / accident debris ahead | E21: 2 | G21: Excessive Deceleration, No Deceleration | H21: LC-OOD-04 | I21: =IF(H21="",0,LEN(H21)-LEN(SUBSTITUTE(H21,",",""))+1) | J21: =IF(I21>0,"couvert","trou")
A22: Highway | B22: HW-CRU | C22: Condition ODD | D22: [Out-of-ODD] Disabled / stopped vehicle in lane or shoulder | E22: 2 | G22: Deceleration too late, No Steering | H22: LV-05, ADJ-07, LC-CUR-02, LC-OOD-01, LC-OOD-04, LC-REF-01, OBJ-03, OBJ-05 | I22: =IF(H22="",0,LEN(H22)-LEN(SUBSTITUTE(H22,",",""))+1) | J22: =IF(I22>0,"couvert","trou")
A23: Highway | B23: HW-CRU | C23: Condition ODD | D23: [Out-of-ODD] EMV present (shoulder / in-lane) | E23: 2 | G23: No Deceleration, No Steering | H23: EMV-06, LC-OOD-01, LC-OOD-02, LC-OOD-04 | I23: =IF(H23="",0,LEN(H23)-LEN(SUBSTITUTE(H23,",",""))+1) | J23: =IF(I23>0,"couvert","trou")
A24: Highway | B24: HW-CRU | C24: Condition ODD | D24: [Out-of-ODD] Road workers / people in roadway | E24: 4 | G24: Deceleration too late, Excessive Steering, No Deceleration, No Horn | H24: OBJ-05 | I24: =IF(H24="",0,LEN(H24)-LEN(SUBSTITUTE(H24,",",""))+1) | J24: =IF(I24>0,"couvert","trou")
A25: Highway | B25: HW-CRU | C25: Condition ODD | D25: [Out-of-ODD] Sudden object intrusion | E25: 1 | G25: Excessive Steering | H25: OBJ-06 | I25: =IF(H25="",0,LEN(H25)-LEN(SUBSTITUTE(H25,",",""))+1) | J25: =IF(I25>0,"couvert","trou")
A26: Highway | B26: HW-CRU | C26: Condition ODD | D26: [Out-of-ODD] Tire debris / blown tire / lost cargo | E26: 2 | G26: Excessive Steering, No Steering | H26: LC-CUR-02, OBJ-01, OBJ-06 | I26: =IF(H26="",0,LEN(H26)-LEN(SUBSTITUTE(H26,",",""))+1) | J26: =IF(I26>0,"couvert","trou")
A27: Highway | B27: HW-CSS | C27: Hazard | D27: H1 Side collision | E27: 14 | F27: 14 | G27: Excessive Steering, Insufficient Steering, No Steering, No Turn Signal, Steering for too long / stuck, Steering in opposite direction, Unintended Steering | H27: RD-11, RD-13, EMV-03, EMV-04, LC-OOD-02, LC-OOD-04, OBJ-02, OBJ-05, AB-02, AB-03, LC-ABT-02, FB-01, FB-03, FB-08 | I27: =IF(H27="",0,LEN(H27)-LEN(SUBSTITUTE(H27,",",""))+1) | J27: =IF(I27>0,"couvert","trou")
A28: Highway | B28: HW-CSS | C28: Hazard | D28: H2 Front collision | E28: 9 | F28: 9 | G28: Excessive Acceleration, Insufficient Deceleration, No Deceleration, No Steering, Unintended Acceleration, Unintended Steering | H28: RMP-10, RD-13, EMV-03, LC-OOD-02, LC-OOD-04, OBJ-02, OBJ-05, AB-01, LC-ABT-02, FB-03 | I28: =IF(H28="",0,LEN(H28)-LEN(SUBSTITUTE(H28,",",""))+1) | J28: =IF(I28>0,"couvert","trou")
A29: Highway | B29: HW-CSS | C29: Hazard | D29: H3 Rear-end by follower | E29: 11 | F29: 11 | G29: Excessive Deceleration, Hazard Lights too late, No Acceleration, No Steering, Unintended Deceleration | H29: RD-11, RD-13, EMV-03, EMV-04, LC-OOD-02, LC-OOD-04, OBJ-02, OBJ-05, AB-02, AB-03, LC-ABT-02, FB-01, FB-03, FB-08 | I29: =IF(H29="",0,LEN(H29)-LEN(SUBSTITUTE(H29,",",""))+1) | J29: =IF(I29>0,"couvert","trou")
A30: Highway | B30: HW-CSS | C30: Hazard | D30: H4 Intent not communicated | E30: 7 | F30: 7 | G30: No Hazard Lights, Unintended Hazard Lights, Unintended Turn Signal | H30: RD-11, RD-13, EMV-03, EMV-04, LC-OOD-02, LC-OOD-04, OBJ-02, OBJ-05, AB-02, AB-03, LC-ABT-02, FB-01, FB-03 | I30: =IF(H30="",0,LEN(H30)-LEN(SUBSTITUTE(H30,",",""))+1) | J30: =IF(I30>0,"couvert","trou")
A31: Highway | B31: HW-CSS | C31: Hazard | D31: H5 Loss of stability / control | E31: 5 | F31: 5 | G31: Excessive Deceleration, Insufficient Deceleration, No Deceleration, Unintended Deceleration | H31: RD-13, LC-ABT-02, FB-01 | I31: =IF(H31="",0,LEN(H31)-LEN(SUBSTITUTE(H31,",",""))+1) | J31: =IF(I31>0,"couvert","trou")
A32: Highway | B32: HW-CSS | C32: Condition ODD | D32: Shoulder — absent (no shoulder) | E32: 2 | F32: 2 | G32: No Steering, Unintended Steering | H32: RD-11, LC-ABT-02 | I32: =IF(H32="",0,LEN(H32)-LEN(SUBSTITUTE(H32,",",""))+1) | J32: =IF(I32>0,"couvert","trou")
A33: Highway | B33: HW-CSS | C33: Condition ODD | D33: Slope — steep grade (up to ±8 %) | E33: 1 | F33: 1 | G33: Insufficient Deceleration | H33: RD-13 | I33: =IF(H33="",0,LEN(H33)-LEN(SUBSTITUTE(H33,",",""))+1) | J33: =IF(I33>0,"couvert","trou")
A34: Highway | B34: HW-CSS | C34: Condition ODD | D34: [Out-of-ODD] Crash scene / accident debris ahead | E34: 2 | F34: 2 | G34: No Steering, Unintended Steering | H34: LC-OOD-04 | I34: =IF(H34="",0,LEN(H34)-LEN(SUBSTITUTE(H34,",",""))+1) | J34: =IF(I34>0,"couvert","trou")
A35: Highway | B35: HW-CSS | C35: Condition ODD | D35: [Out-of-ODD] Disabled / stopped vehicle in lane or shoulder | E35: 4 | F35: 4 | G35: No Steering, Unintended Steering | H35: LC-OOD-04, OBJ-02, OBJ-05, FB-03 | I35: =IF(H35="",0,LEN(H35)-LEN(SUBSTITUTE(H35,",",""))+1) | J35: =IF(I35>0,"couvert","trou")
A36: Highway | B36: HW-CSS | C36: Condition ODD | D36: [Out-of-ODD] Tire debris / blown tire / lost cargo | E36: 1 | F36: 1 | G36: No Deceleration | H36: OBJ-02 | I36: =IF(H36="",0,LEN(H36)-LEN(SUBSTITUTE(H36,",",""))+1) | J36: =IF(I36>0,"couvert","trou")
A37: Highway | B37: HW-ELM | C37: Hazard | D37: H1 Side collision | E37: 12 | F37: 12 | G37: Excessive Steering, Insufficient Steering, No Steering, Steering for too long / stuck, Steering in opposite direction, Unintended Steering | H37: LV-04, LV-05, ADJ-01, LC-CUR-02, OBJ-02, OBJ-04, OBJ-06, FB-05, FB-06 | I37: =IF(H37="",0,LEN(H37)-LEN(SUBSTITUTE(H37,",",""))+1) | J37: =IF(I37>0,"couvert","trou")
A38: Highway | B38: HW-ELM | C38: Hazard | D38: H2 Front collision | E38: 4 | F38: 4 | G38: Excessive Acceleration, No Deceleration, Unintended Acceleration | H38: LV-04, LV-05, LC-CUR-02, OBJ-02, OBJ-04, OBJ-06, AB-01, FB-05, FB-06 | I38: =IF(H38="",0,LEN(H38)-LEN(SUBSTITUTE(H38,",",""))+1) | J38: =IF(I38>0,"couvert","trou")
... A47: Highway | B47: HW-ESL | C47: Condition ODD | D47: Shoulder — absent (no shoulder) | E47: 2 | F47: 2 | G47: Deceleration for too long / stuck, Unintended Deceleration | H47: RD-11, LC-ABT-02, FB-02 | I47: =IF(H47="",0,LEN(H47)-LEN(SUBSTITUTE(H47,",",""))+1) | J47: =IF(I47>0,"couvert","trou")
A48: Highway | B48: HW-FOL | C48: Hazard | D48: H1 Side collision | E48: 17 | G48: Excessive Steering, Insufficient Steering, No Acceleration, No Deceleration, No Steering, Steering for too long / stuck, Steering in opposite direction, Unintended Steering | H48: CI-01, CI-02, CI-03, CI-04, CI-05, CI-06, CI-08, ADJ-01, ADJ-02, ADJ-03, ADJ-04, ADJ-05, ADJ-06, ADJ-07, LC-TGT-07, LC-CUR-02, RMP-09, RMP-12, LC-RD-02, LC-RD-05, LC-RD-06, LC-RD-07, RD-09, RD-12, RD-14, EMV-05, EMV-06, LC-OOD-01, LC-OOD-02, LC-OOD-04, LC-REF-01, OBJ-02, OBJ-03, OBJ-05 | I48: =IF(H48="",0,LEN(H48)-LEN(SUBSTITUTE(H48,",",""))+1) | J48: =IF(I48>0,"couvert","trou")
A49: Highway | B49: HW-FOL | C49: Hazard | D49: H2 Front collision | E49: 25 | G49: Deceleration too late, Excessive Acceleration, Insufficient Deceleration, No Deceleration, No Steering, Unintended Acceleration | H49: LV-02, LV-03, LV-04, LV-05, LV-06, LV-07, LV-08, LV-09, LV-10, LV-11, CI-01, CI-02, CI-03, CI-04, CI-05, CI-06, CI-07, CI-08, ADJ-07, LC-CUR-02, RMP-06, RMP-09, RMP-11, RMP-12, LC-RD-02, LC-RD-05, LC-RD-06, LC-RD-07, RD-10, RD-13, EMV-03, EMV-05, LC-OOD-01, LC-OOD-02, LC-OOD-04, LC-REF-01, OBJ-01, OBJ-02, OBJ-04, OBJ-05, OBJ-06 | I49: =IF(H49="",0,LEN(H49)-LEN(SUBSTITUTE(H49,",",""))+1) | J49: =IF(I49>0,"couvert","trou")
A50: Highway | B50: HW-FOL | C50: Hazard | D50: H3 Rear-end by follower | E50: 14 | G50: Brake Lights too late, Excessive Deceleration, Insufficient Acceleration, Insufficient Steering, No Acceleration, No Brake Lights, Unintended Deceleration | H50: LV-03, LV-04, LV-05, LV-06, LV-07, LV-08, LV-10, CI-07, ADJ-07, LC-CUR-02, LC-RD-02, LC-RD-05, LC-RD-06, LC-RD-07, RD-13, EMV-03, EMV-05, LC-OOD-01, LC-OOD-02, LC-OOD-04, LC-REF-01, OBJ-01, OBJ-02, OBJ-03, OBJ-04, OBJ-05, OBJ-06, AB-02 | I50: =IF(H50="",0,LEN(H50)-LEN(SUBSTITUTE(H50,",",""))+1) | J50: =IF(I50>0,"couvert","trou")
A51: Highway | B51: HW-FOL | C51: Hazard | D51: H4 Intent not communicated | E51: 4 | G51: Brake Lights for too long / stuck, Steering too late, Unintended Brake Lights, Unintended Turn Signal | H51: LC-CUR-02, LC-OOD-01, LC-OOD-02, LC-OOD-04, LC-REF-01 | I51: =IF(H51="",0,LEN(H51)-LEN(SUBSTITUTE(H51,",",""))+1) | J51: =IF(I51>0,"couvert","trou")
A52: Highway | B52: HW-FOL | C52: Hazard | D52: H5 Loss of stability / control | E52: 14 | G52: Excessive Acceleration, Excessive Deceleration, Excessive Steering, Insufficient Acceleration, Insufficient Deceleration, Insufficient Steering, No Deceleration, No Steering | H52: LC-TGT-07, LC-RD-06, LC-RD-07, RD-09, RD-12, RD-13, RD-14, OBJ-01, OBJ-04 | I52: =IF(H52="",0,LEN(H52)-LEN(SUBSTITUTE(H52,",",""))+1) | J52: =IF(I52>0,"couvert","trou")
A53: Highway | B53: HW-FOL | C53: Condition ODD | D53: Air Temperature — high (up to 110 °F) | E53: 1 | G53: Insufficient Deceleration | I53: =IF(H53="",0,LEN(H53)-LEN(SUBSTITUTE(H53,",",""))+1) | J53: =IF(I53>0,"couvert","trou") | K53: non modélisé au jalon 1 (perception parfaite, adhérence)
A54: Highway | B54: HW-FOL | C54: Condition ODD | D54: Rain — Heavy / standing water | E54: 3 | G54: Deceleration too late, Excessive Deceleration, Insufficient Deceleration | I54: =IF(H54="",0,LEN(H54)-LEN(SUBSTITUTE(H54,",",""))+1) | J54: =IF(I54>0,"couvert","trou") | K54: non modélisé au jalon 1 (perception parfaite, adhérence)
A55: Highway | B55: HW-FOL | C55: Condition ODD | D55: Rain — Light / Moderate (wet road) | E55: 5 | G55: Deceleration too late, Insufficient Deceleration, No Deceleration | I55: =IF(H55="",0,LEN(H55)-LEN(SUBSTITUTE(H55,",",""))+1) | J55: =IF(I55>0,"couvert","trou") | K55: non modélisé au jalon 1 (perception parfaite, adhérence)
A56: Highway | B56: HW-FOL | C56: Condition ODD | D56: Slope — steep grade (up to ±8 %) | E56: 2 | G56: Deceleration too late, Insufficient Deceleration | H56: LC-RD-07, RD-13 | I56: =IF(H56="",0,LEN(H56)-LEN(SUBSTITUTE(H56,",",""))+1) | J56: =IF(I56>0,"couvert","trou")
A57: Highway | B57: HW-FOL | C57: Condition ODD | D57: Sun Angle — low sun / glare | E57: 2 | G57: Deceleration too late, Insufficient Deceleration | I57: =IF(H57="",0,LEN(H57)-LEN(SUBSTITUTE(H57,",",""))+1) | J57: =IF(I57>0,"couvert","trou") | K57: non modélisé au jalon 1 (perception parfaite, adhérence)
A58: Highway | B58: HW-FOL | C58: Condition ODD | D58: Vehicles — dense traffic / cut-in | E58: 2 | G58: Deceleration too late, Excessive Deceleration | H58: CI-01, CI-02, CI-03, CI-04, CI-05, CI-06, CI-08, RMP-09, RMP-12, LC-RD-05 | I58: =IF(H58="",0,LEN(H58)-LEN(SUBSTITUTE(H58,",",""))+1) | J58: =IF(I58>0,"couvert","trou")
A59: Highway | B59: HW-FOL | C59: Condition ODD | D59: Wind — strong crosswind / gusts | E59: 1 | G59: Excessive Deceleration | H59: RD-12 | I59: =IF(H59="",0,LEN(H59)-LEN(SUBSTITUTE(H59,",",""))+1) | J59: =IF(I59>0,"couvert","trou")
A60: Highway | B60: HW-FOL | C60: Condition ODD | D60: [Out-of-ODD] Sudden object intrusion | E60: 1 | G60: Deceleration too late | H60: OBJ-02, OBJ-06 | I60: =IF(H60="",0,LEN(H60)-LEN(SUBSTITUTE(H60,",",""))+1) | J60: =IF(I60>0,"couvert","trou")
A61: Highway | B61: HW-LC | C61: Hazard | D61: H1 Side collision | E61: 24 | G61: Excessive Steering, Insufficient Steering, No Acceleration, No Deceleration, No Steering, No Turn Signal, Steering for too long / stuck, Steering in opposite direction | H61: LV-05, ADJ-05, ADJ-06, ADJ-07, LC-NOM-01, LC-NOM-02, LC-NOM-03, LC-NOM-04, LC-TGT-01, LC-TGT-02, LC-TGT-03, LC-TGT-04, LC-TGT-05, LC-TGT-06, LC-TGT-07, LC-CUR-01, LC-CUR-02, LC-CUR-03, RMP-12, LC-RD-01, LC-RD-02, LC-RD-03, LC-RD-04, LC-RD-05, LC-RD-06, LC-RD-07, LC-RD-08, RD-12, RD-14, EMV-05, LC-OOD-01, LC-OOD-02, LC-OOD-03, LC-OOD-04, LC-REF-01, OBJ-02, OBJ-03, LC-ABT-01, LC-ABT-02 | I61: =IF(H61="",0,LEN(H61)-LEN(SUBSTITUTE(H61,",",""))+1) | J61: =IF(I61>0,"couvert","trou")
A62: Highway | B62: HW-LC | C62: Hazard | D62: H2 Front collision | E62: 11 | G62: Excessive Acceleration, Insufficient Deceleration, No Deceleration, No Steering, Unintended Acceleration | H62: LV-05, ADJ-06, ADJ-07, LC-NOM-02, LC-NOM-03, LC-NOM-04, LC-TGT-01, LC-TGT-02, LC-TGT-03, LC-TGT-04, LC-TGT-05, LC-TGT-07, LC-CUR-01, LC-CUR-02, LC-CUR-03, RMP-12, LC-RD-01, LC-RD-02, LC-RD-03, LC-RD-04, LC-RD-05, LC-RD-06, LC-RD-07, RD-14, EMV-05, LC-OOD-01, LC-OOD-02, LC-OOD-03, LC-OOD-04, LC-REF-01, OBJ-02, LC-ABT-01, LC-ABT-02 | I62: =IF(H62="",0,LEN(H62)-LEN(SUBSTITUTE(H62,",",""))+1) | J62: =IF(I62>0,"couvert","trou")
A63: Highway | B63: HW-LC | C63: Hazard | D63: H3 Rear-end by follower | E63: 11 | G63: Excessive Deceleration, Insufficient Acceleration, Insufficient Steering, No Acceleration, Unintended Deceleration | H63: LV-05, ADJ-07, LC-NOM-02, LC-NOM-03, LC-NOM-04, LC-TGT-01, LC-TGT-02, LC-TGT-03, LC-TGT-04, LC-TGT-05, LC-CUR-01, LC-CUR-02, LC-CUR-03, LC-RD-01, LC-RD-02, LC-RD-03, LC-RD-04, LC-RD-05, LC-RD-06, LC-RD-07, EMV-05, LC-OOD-01, LC-OOD-02, LC-OOD-03, LC-OOD-04, LC-REF-01, OBJ-02, OBJ-03, LC-ABT-01, LC-ABT-02 | I63: =IF(H63="",0,LEN(H63)-LEN(SUBSTITUTE(H63,",",""))+1) | J63: =IF(I63>0,"couvert","trou")
A64: Highway | B64: HW-LC | C64: Hazard | D64: H4 Intent not communicated | E64: 2 | G64: Steering too late, Unintended Turn Signal | H64: LV-05, ADJ-05, ADJ-06, ADJ-07, LC-NOM-01, LC-NOM-02, LC-NOM-03, LC-NOM-04, LC-TGT-01, LC-TGT-02, LC-TGT-03, LC-TGT-04, LC-TGT-05, LC-TGT-06, LC-TGT-07, LC-CUR-01, LC-CUR-02, LC-CUR-03, RMP-12, LC-RD-01, LC-RD-02, LC-RD-03, LC-RD-04, LC-RD-05, LC-RD-06, LC-RD-07, LC-RD-08, RD-12, RD-14, EMV-05, LC-OOD-01, LC-OOD-02, LC-OOD-03, LC-OOD-04, LC-REF-01, OBJ-02, OBJ-03, LC-ABT-01, LC-ABT-02 | I64: =IF(H64="",0,LEN(H64)-LEN(SUBSTITUTE(H64,",",""))+1) | J64: =IF(I64>0,"couvert","trou")
A65: Highway | B65: HW-LC | C65: Hazard | D65: H5 Loss of stability / control | E65: 13 | G65: Excessive Acceleration, Excessive Deceleration, Excessive Steering, Insufficient Acceleration, Insufficient Deceleration, Insufficient Steering, No Deceleration, No Steering | H65: LC-NOM-01, LC-TGT-07, LC-RD-06, LC-RD-07, RD-12, RD-14, LC-ABT-01, LC-ABT-02 | I65: =IF(H65="",0,LEN(H65)-LEN(SUBSTITUTE(H65,",",""))+1) | J65: =IF(I65>0,"couvert","trou")
A66: Highway | B66: HW-LC | C66: Condition ODD | D66: Wind — strong crosswind / gusts | E66: 1 | G66: Excessive Steering | H66: RD-12 | I66: =IF(H66="",0,LEN(H66)-LEN(SUBSTITUTE(H66,",",""))+1) | J66: =IF(I66>0,"couvert","trou")
A67: Highway | B67: HW-OFR | C67: Hazard | D67: H1 Side collision | E67: 24 | G67: Excessive Steering, Insufficient Steering, No Acceleration, No Deceleration, No Steering, No Turn Signal, Steering for too long / stuck, Steering in opposite direction | H67: RMP-07, RMP-09, LC-RD-04 | I67: =IF(H67="",0,LEN(H67)-LEN(SUBSTITUTE(H67,",",""))+1) | J67: =IF(I67>0,"couvert","trou")
A68: Highway | B68: HW-OFR | C68: Hazard | D68: H2 Front collision | E68: 11 | G68: Excessive Acceleration, Insufficient Deceleration, No Deceleration, No Steering, Unintended Acceleration | H68: RMP-06, RMP-07, RMP-09, RMP-10, LC-RD-04 | I68: =IF(H68="",0,LEN(H68)-LEN(SUBSTITUTE(H68,",",""))+1) | J68: =IF(I68>0,"couvert","trou")
A69: Highway | B69: HW-OFR | C69: Hazard | D69: H3 Rear-end by follower | E69: 13 | G69: Brake Lights too late, Excessive Deceleration, Insufficient Acceleration, Insufficient Steering, No Acceleration, No Brake Lights, Unintended Deceleration | H69: RMP-07, LC-RD-04 | I69: =IF(H69="",0,LEN(H69)-LEN(SUBSTITUTE(H69,",",""))+1) | J69: =IF(I69>0,"couvert","trou")
... A79: Urban | B79: URB-CRU | C79: Hazard | D79: H2 Front collision | E79: 11 | G79: Excessive Acceleration, Insufficient Deceleration, No Deceleration, No Steering, Unintended Acceleration | H79: URB-09, URB-10, URB-11, URB-15 | I79: =IF(H79="",0,LEN(H79)-LEN(SUBSTITUTE(H79,",",""))+1) | J79: =IF(I79>0,"couvert","trou")
A80: Urban | B80: URB-CRU | C80: Hazard | D80: H3 Rear-end by follower | E80: 11 | G80: Excessive Deceleration, Insufficient Acceleration, Insufficient Steering, No Acceleration, Unintended Deceleration | I80: =IF(H80="",0,LEN(H80)-LEN(SUBSTITUTE(H80,",",""))+1) | J80: =IF(I80>0,"couvert","trou") | K80: catalogue urbain / hub à compléter (jalon 2)
A81: Urban | B81: URB-CRU | C81: Hazard | D81: H4 Intent not communicated | E81: 2 | G81: Steering too late, Unintended Turn Signal | I81: =IF(H81="",0,LEN(H81)-LEN(SUBSTITUTE(H81,",",""))+1) | J81: =IF(I81>0,"couvert","trou") | K81: catalogue urbain / hub à compléter (jalon 2)
A82: Urban | B82: URB-CRU | C82: Hazard | D82: H5 Loss of stability / control | E82: 12 | G82: Excessive Acceleration, Excessive Deceleration, Excessive Steering, Insufficient Acceleration, Insufficient Deceleration, Insufficient Steering, No Deceleration, No Steering | H82: LV-01 | I82: =IF(H82="",0,LEN(H82)-LEN(SUBSTITUTE(H82,",",""))+1) | J82: =IF(I82>0,"couvert","trou")
A83: Urban | B83: URB-ELM | C83: Hazard | D83: H1 Side collision | E83: 6 | F83: 6 | G83: Excessive Steering, Insufficient Steering, No Steering, Steering for too long / stuck, Steering in opposite direction, Unintended Steering | I83: =IF(H83="",0,LEN(H83)-LEN(SUBSTITUTE(H83,",",""))+1) | J83: =IF(I83>0,"couvert","trou") | K83: catalogue urbain / hub à compléter (jalon 2)
A84: Urban | B84: URB-ELM | C84: Hazard | D84: H2 Front collision | E84: 3 | F84: 3 | G84: Excessive Acceleration, No Deceleration, Unintended Acceleration | H84: URB-15 | I84: =IF(H84="",0,LEN(H84)-LEN(SUBSTITUTE(H84,",",""))+1) | J84: =IF(I84>0,"couvert","trou")
A85: Urban | B85: URB-ELM | C85: Hazard | D85: H3 Rear-end by follower | E85: 4 | F85: 4 | G85: Excessive Deceleration, Hazard Lights too late, No Acceleration, Unintended Deceleration | I85: =IF(H85="",0,LEN(H85)-LEN(SUBSTITUTE(H85,",",""))+1) | J85: =IF(I85>0,"couvert","trou") | K85: catalogue urbain / hub à compléter (jalon 2)
A86: Urban | B86: URB-ELM | C86: Hazard | D86: H4 Intent not communicated | E86: 2 | F86: 2 | G86: No Hazard Lights, Unintended Hazard Lights | I86: =IF(H86="",0,LEN(H86)-LEN(SUBSTITUTE(H86,",",""))+1) | J86: =IF(I86>0,"couvert","trou") | K86: catalogue urbain / hub à compléter (jalon 2)
A87: Urban | B87: URB-ELM | C87: Hazard | D87: H5 Loss of stability / control | E87: 4 | F87: 4 | G87: Excessive Deceleration, Insufficient Deceleration, No Deceleration, Unintended Deceleration | I87: =IF(H87="",0,LEN(H87)-LEN(SUBSTITUTE(H87,",",""))+1) | J87: =IF(I87>0,"couvert","trou") | K87: catalogue urbain / hub à compléter (jalon 2)
A88: Urban | B88: URB-FOL | C88: Hazard | D88: H1 Side collision | E88: 17 | G88: Excessive Steering, Insufficient Steering, No Acceleration, No Deceleration, No Steering, Steering for too long / stuck, Steering in opposite direction, Unintended Steering | H88: CI-01, URB-11, URB-12 | I88: =IF(H88="",0,LEN(H88)-LEN(SUBSTITUTE(H88,",",""))+1) | J88: =IF(I88>0,"couvert","trou")
A89: Urban | B89: URB-FOL | C89: Hazard | D89: H2 Front collision | E89: 11 | G89: Excessive Acceleration, Insufficient Deceleration, No Deceleration, No Steering, Unintended Acceleration | H89: LV-02, LV-03, LV-04, LV-05, LV-06, LV-07, CI-01, URB-10, URB-11, URB-12, URB-13, URB-16 | I89: =IF(H89="",0,LEN(H89)-LEN(SUBSTITUTE(H89,",",""))+1) | J89: =IF(I89>0,"couvert","trou")
A90: Urban | B90: URB-FOL | C90: Hazard | D90: H3 Rear-end by follower | E90: 11 | G90: Excessive Deceleration, Insufficient Acceleration, Insufficient Steering, No Acceleration, Unintended Deceleration | H90: LV-03, LV-04, LV-05, LV-06, LV-07, URB-12, URB-13, URB-16 | I90: =IF(H90="",0,LEN(H90)-LEN(SUBSTITUTE(H90,",",""))+1) | J90: =IF(I90>0,"couvert","trou")
A91: Urban | B91: URB-FOL | C91: Hazard | D91: H4 Intent not communicated | E91: 2 | G91: Steering too late, Unintended Turn Signal | I91: =IF(H91="",0,LEN(H91)-LEN(SUBSTITUTE(H91,",",""))+1) | J91: =IF(I91>0,"couvert","trou") | K91: catalogue urbain / hub à compléter (jalon 2)
