Workbook

Sheet Read Me
A1: Lane Change Scenario Library, Foretellix style (v0, PROPOSED)
A2: SERYTI for Torc Robotics, DO-Crawl I-35 South. Behavior: Highway 'Lane Changes / Overtaking' (Torc Behavior Table: Safety, Traffic Compliance, Efficiency, Courtesy).
A4: PURPOSE | B4: First full Phase 1A deliverable of the Miro flow for one behavior: Behavior > Scenario decomposition (static + dynamic ODD elements) > SDT tasks > wanted behavior rules, linked to Phase 1B (unwanted / unsafe behaviors from HIRE) and to TC / FI. Built as a Foretellix-style scenario library so it can be executed in a scenario-based tool (OpenSCENARIO DSL).
A5: LEVELS | B5: Torc Miro 'Abstract Scenario' (ego maneuver only) = scenario FAMILY root here (LC-NOM-01). Torc Miro 'Concrete Scenario A / B' (ego + placed actors) = ABSTRACT scenarios in Foretellix / ISO 34501 terms (LC-NOM-02, LC-TGT-02): actors, phases, symbolic parameters. Variants of an actor (Miro: E holds SDT speed / E accelerates) = parameter values, swept at LOGICAL level (ranges, sheet 'Parameters') then CONCRETE level (sampled values, done in the tool).
A6: FORETELLIX MODEL | B6: Each abstract scenario carries what a Foretellix V-Suite scenario carries: actors with roles, named phases (serial / parallel), parameters with constraints, coverage items with buckets, KPIs and checkers, and mixable modifiers. Public structure reference: Foretellix evaluation V-Suite docs (e.g. sut_cut_out, vehicle_cut_in). The OSC2 file 'LaneChange_Library.osc' gives the same scenarios as pseudo OpenSCENARIO DSL (not compiled).
A7: SLOT MODEL | B7: Actor positions follow the Torc Miro grid: A lead origin lane, B lead target lane, C follower origin lane, D follower target lane, E / F lane beyond target, G other-side lane, S shoulder, O static object. See sheet 'Actor Slots'.
A8: MIRO OBJECTIVES COVERED | B8: Wanted behavior specs and rules: column 'Wanted behavior (rule book)'. Unwanted / unsafe behaviors: 'HIRE Traceability' (61 Highway Lane Change HARA) + columns 'Hazards', '# HIRE rows'. External factors: 'Triggering conditions (TC-CRAWL)' + 'Modifiers'. Internal factors: 'Functional insufficiencies (FI)'. Internal factors along the task chain + KPIs on task I/O (solution independent): sheet 'Task Chain' (T1..T10). SOTIF team stops there; solution-dependent causes and KPIs are out of scope.
A9: SHEETS | B9: Library Tree: families and scenarios at a glance. Scenario Catalogue: one row per abstract scenario (main sheet). Actor Slots, Parameters (logical ranges with ODD source), KPIs & Checkers, Task Chain, Modifiers. HIRE Traceability: every Lane Change HARA row and the scenarios that exercise it. Scenario x TC x FI: exploded join. Coverage Stats: live counts (formulas). Gaps & Open Points.
A10: LINK RULES | B10: HIRE rows are linked to a scenario through their HAZOP 'Hazard Context' (the competency the scenario stresses). FIs are derived from the scenario's TCs through Full_Mapping_TC_FI_Hazard_Arch.xlsx. Hazards = union of linked HIRE hazards and TC hazards. HFS linked by key (see Gaps G-06).
A11: SOURCES | B11: Hazard Identification - HAZOP_ODD_v2.xlsx; 2026_SDT_HIRE_from_HAZOP_v1.xlsx; TCs list V3_1.xlsx; Full_Mapping_TC_FI_Hazard_Arch.xlsx; outputs/L1-L5_ODD_report_final.json (map 2026.06.09a); Behavior Table (Jama, M. Pittavino, 2026-03-21); Torc Miro 'Example Lane Change', 'Phase 1A / 1B', 'Concrete Scenario A / B'; Texas Transportation Code 545.053, 545.057, 545.060, 545.104, 545.157.
A12: STATUS | B12: All content PROPOSED by SERYTI for review by Torc Safety (Matthieu). No threshold is validated. Colour bands = scenario family. Orange family LC-OOD = [Out-of-ODD] events.

Sheet Library Tree
A1: Library tree: behavior > family > abstract scenario
A2: Same layout as a Foretellix V-Suite browsed by family.
A4: Level | B4: Family | C4: ID | D4: Scenario name (OSC2) | E4: Torc Miro ref | F4: Description | G4: ODD status
A5: Family | B5: LC-NOM | C5: LC-NOM | D5: Nominal discretionary lane change | F5: SDT changes lane because it wants to (overtake, lane preference). Torc Miro 'Abstract Scenario' and 'Concrete A' live here.
A6: Scenario | B6: LC-NOM | C6: LC-NOM-01 | D6: sut_lane_change_free_target_lane | E6: Miro 'Abstract Scenario' | F6: SDT changes lane into an empty target lane. Ego-only reference scenario. | G6: In-ODD
A7: Scenario | B7: LC-NOM | C7: LC-NOM-02 | D7: sut_lane_change_into_gap_with_surrounding_traffic | E7: Miro 'Concrete Scenario A' | F7: SDT changes lane into the gap between B (ahead) and D (behind) in the target lane, with A and C in the origin lane. All actors keep their speed. | G7: In-ODD
A8: Scenario | B8: LC-NOM | C8: LC-NOM-03 | D8: sut_overtake_slow_lead | F8: A is slower than SDT in the origin lane. SDT changes lane, passes A, keeps the target lane or prepares to return. | G8: In-ODD
A9: Scenario | B9: LC-NOM | C9: LC-NOM-04 | D9: sut_return_lane_after_overtake | F9: After passing, SDT returns to the original lane in front of the overtaken vehicle, which is now C in the target lane. | G9: In-ODD
A10: Family | B10: LC-TGT | C10: LC-TGT | D10: Conflicts in the target lane | F10: Something in or entering the target lane makes the gap unsafe: fast rear approach, competing merge (Miro Concrete B), closing gap, blind-spot actors.
A11: Scenario | B11: LC-TGT | C11: LC-TGT-01 | D11: sut_lane_change_with_fast_rear_approach | F11: D approaches fast in the target lane while SDT prepares or starts the lane change. | G11: In-ODD
A12: Scenario | B12: LC-TGT | C12: LC-TGT-02 | D12: sut_lane_change_with_simultaneous_merge_from_far_lane | E12: Miro 'Concrete Scenario B' (vehicle E) | F12: While SDT changes into the target lane, E in the lane beyond the target lane also changes into the same target lane. | G12: In-ODD
A13: Scenario | B13: LC-TGT | C13: LC-TGT-03 | D13: sut_lane_change_with_closing_gap | F13: D accelerates to close the gap while SDT signals or starts the lane change (non-cooperative driver). | G13: In-ODD
A14: Scenario | B14: LC-TGT | C14: LC-TGT-04 | D14: sut_lane_change_with_target_lead_braking | F14: B brakes while SDT is moving into the target lane behind it. | G14: In-ODD
A15: Scenario | B15: LC-TGT | C15: LC-TGT-05 | D15: sut_lane_change_with_vehicle_alongside_trailer | F15: A vehicle travels alongside the SDT trailer in the target lane (D overlapping the combination), partly in the trailer blind zone. | G15: In-ODD
A16: Scenario | B16: LC-TGT | C16: LC-TGT-06 | D16: sut_lane_change_with_motorcycle_in_blind_spot | F16: A motorcycle is in the target lane in the SDT blind zone or lane-splitting. | G16: In-ODD
A17: Scenario | B17: LC-TGT | C17: LC-TGT-07 | D17: sut_lane_change_next_to_large_or_unstable_vehicle | F17: Target lane contains a wide load or a truck with a swaying trailer next to the gap. | G17: In-ODD
A18: Family | B18: LC-CUR | C18: LC-CUR | D18: Events in the origin lane during the lane change | F18: A or C changes the situation while SDT is preparing or executing.
A19: Scenario | B19: LC-CUR | C19: LC-CUR-01 | D19: sut_lane_change_with_origin_lead_braking | F19: A brakes while SDT is preparing or executing the lane change. | G19: In-ODD
A20: Scenario | B20: LC-CUR | C20: LC-CUR-02 | D20: sut_evasive_lane_change_after_lead_cut_out | F20: A cuts out and reveals a stopped vehicle or obstacle in the origin lane; SDT must change lane or stop. | G20: In-ODD (stopped vehicle in lane: Out-of-ODD when disabled vehicle)
A21: Scenario | B21: LC-CUR | C21: LC-CUR-03 | D21: sut_lane_change_with_tailgating_follower | F21: C follows very close behind SDT in the origin lane while SDT prepares a lane change that needs speed adjustment. | G21: In-ODD
A22: Family | B22: LC-RD | C22: LC-RD | D22: Road-structure driven lane change | F22: Lane drop, work zone, weave, exit, merge courtesy, degraded markings, curve / grade, map mismatch. Often mandatory with a deadline.
A23: Scenario | B23: LC-RD | C23: LC-RD-01 | D23: sut_mandatory_lane_change_lane_drop | F23: The origin lane ends (lane drop / lane ends) and SDT must merge into the adjacent lane with traffic. | G23: In-ODD
A24: Scenario | B24: LC-RD | C24: LC-RD-02 | D24: sut_lane_change_in_work_zone_lane_closure | F24: Work zone closes a lane with channelizing devices; SDT must merge and follow shifted / temporary lanes. | G24: In-ODD (Work Zones element present, no values in HD map yet)
A25: Scenario | B25: LC-RD | C25: LC-RD-03 | D25: sut_lane_change_in_weave_section | F25: SDT changes lane in a weave section between an on-ramp and an off-ramp with many crossing lane changes. | G25: In-ODD
A26: Scenario | B26: LC-RD | C26: LC-RD-04 | D26: sut_mandatory_lane_change_for_exit | F26: SDT must reach the exit lane before the exit; sign may be missed or obscured. | G26: In-ODD
A27: Scenario | B27: LC-RD | C27: LC-RD-05 | D27: sut_lane_change_to_yield_to_merging_traffic | F27: Vehicles enter from an on-ramp next to SDT; SDT moves over to let them merge (courtesy). | G27: In-ODD
A28: Scenario | B28: LC-RD | C28: LC-RD-06 | D28: sut_lane_change_with_degraded_lane_markings | F28: Boundary between origin and target lane is faded, missing, double-exposed or misleading. | G28: In-ODD
A29: Scenario | B29: LC-RD | C29: LC-RD-07 | D29: sut_lane_change_on_curve_or_grade | F29: Lane change on a curve, crest or steep grade where sight distance and stability margins are reduced. | G29: In-ODD
A30: Scenario | B30: LC-RD | C30: LC-RD-08 | D30: sut_lane_change_with_map_lane_mismatch | F30: Map and reality disagree on lane count or lane availability (recent restriping, added lane not in map). | G30: In-ODD
A31: Family | B31: LC-ABT | C31: LC-ABT | D31: Abort and fallback during lane change | F31: SDT must return to the origin lane or hand over to MRM mid-maneuver. Link to the September MRM scope.
A32: Scenario | B32: LC-ABT | C32: LC-ABT-01 | D32: sut_lane_change_abort_and_return | F32: A trigger (D accelerates, E merges, B brakes) appears after lateral motion started; SDT returns to the origin lane. | G32: In-ODD
A33: Scenario | B33: LC-ABT | C33: LC-ABT-02 | D33: sut_lane_change_interrupted_by_ddt_fallback | F33: A system degradation requires MRM while SDT is mid lane change. | G33: In-ODD
A34: Family | B34: LC-OOD | C34: LC-OOD | D34: Out-of-ODD events requiring a lane change | F34: Move-over for EMV, stopped vehicle, FOD, crash scene. Tagged [Out-of-ODD] where the element is not a validated ODD element.
A35: Scenario | B35: LC-OOD | C35: LC-OOD-01 | D35: sut_move_over_for_stopped_emv_on_shoulder | F35: Stopped EMV, police, TxDOT or tow vehicle with lights on the shoulder; SDT vacates the adjacent lane or slows. | G35: [Out-of-ODD] (EMV dynamics NA in Jama L4)
A36: Scenario | B36: LC-OOD | C36: LC-OOD-02 | D36: sut_yield_lane_to_approaching_emv | F36: EMV with lights / siren approaches from behind in SDT lane; SDT moves over to let it pass. | G36: [Out-of-ODD]
A37: Scenario | B37: LC-OOD | C37: LC-OOD-03 | D37: sut_lane_change_with_object_in_target_lane | F37: FOD, lost cargo or an unusual object lies in the target lane at or after the planned merge point. | G37: In-ODD (FOD) / [Out-of-ODD] (lost cargo)
A38: Scenario | B38: LC-OOD | C38: LC-OOD-04 | D38: sut_lane_change_at_crash_scene | F38: Crash scene ahead with responders on foot, emergency lighting, debris and improvised lane closure. | G38: [Out-of-ODD]

Sheet Scenario Catalogue
A1: Scenario Catalogue: abstract scenarios for Lane Change (Foretellix style)
A2: One row = one abstract scenario. Parameters stay symbolic here; logical ranges in 'Parameters'. Wrap is on: widen rows to read.
A4: ID | B4: Family | C4: Scenario name (OSC2) | D4: Torc Miro ref | E4: Description | F4: LC type | G4: Side | H4: Actors (slot: role, action) | I4: Phases | J4: Static ODD elements | K4: Key parameters (symbolic) | L4: Variants | M4: Wanted behavior (rule book) | N4: Tasks needed (see Task Chain) | O4: Coverage items [range, bucket] | P4: KPIs & checkers | Q4: Compatible modifiers | R4: ODD status | S4: Hazard contexts stressed | T4: # HIRE rows linked | U4: Unwanted behaviors (HIRE malfunctions) | V4: Hazards | W4: HFS (key) | X4: Triggering conditions (TC-CRAWL) | Y4: Functional insufficiencies (FI) | Z4: Suggested test environment | AA4: Public Foretellix analog | AB4: Status
A5: LC-NOM-01 | B5: LC-NOM | C5: sut_lane_change_free_target_lane | D5: Miro 'Abstract Scenario' | E5: SDT changes lane into an empty target lane. Ego-only reference scenario. | F5: Discretionary | G5: left / right | H5: none | I5: init_drive > signal > change_lane > post_phase | J5: Lane Count >= 2 (TORC-ODD-356); dashed boundary (TORC-FLD-1588); Lane Width (TORC-ODD-76) | K5: sdt_speed, lc_side, lane_count, origin_lane_index, lane_width, curvature, grade | L5: left vs right; middle lane start | M5: Signal before lateral motion and keep it until completed; move only across a dashed boundary; smooth lateral profile within comfort limits; center in target lane and cancel signal. | N5: T2, T4, T6, T7, T9, T10 | O5: sdt_speed_at_change_lane [45..75 mph, 5 mph]; lc_side [left, right]; lane_count [2,3,4]; lc_duration [0..10 s, 1 s]; signal_lead_time [0..5 s, 0.5 s] | P5: K-SAF-01, K-SAF-07, K-CMP-01, K-CMP-03, K-EFF-02, K-CRT-01 | Q5: M-01, M-03, M-04, M-05, M-08, M-09, M-10 | R5: In-ODD | S5: Lane keeping / route guidance, Signal intent for maneuver, Misleading signal (not needed), Vehicle stability | T5: 27 | U5: Excessive Acceleration, Excessive Deceleration, Excessive Steering, Insufficient Acceleration, Insufficient Deceleration, Insufficient Steering, No Deceleration, No Steering, No Turn Signal, Steering for too long / stuck, Steering in opposite direction, Turn Signal in opposite direction, Turn Signal too late, Unintended Acceleration, Unintended Deceleration, Unintended Steering, Unintended Turn Signal | V5: H1, H4, H5 | W5: Highway x Lane Changes / Overtaking x H1; Highway x Lane Changes / Overtaking x H4; Highway x Lane Changes / Overtaking x H5 | X5: TC-CRAWL-055: Missing lane marking TC-CRAWL-060: damaged lane markings TC-CRAWL-067: Worn/faded broken white line TC-CRAWL-068: Irregular dash spacing (misread as solid line) TC-CRAWL-225: crosswing TC-CRAWL-227: high wind gust | Y5: FI-PCP-01: Lane markings not detected (no lane data provided to VI). FI-PCP-02: Lane markings detected with insufficient precision or inconsistent performance. FI-PCP-05: False positive lanes accepted (fake / shadow / skid-mark lanes). FI-PCP-10: Incorrect object classification (incl. EMV not recognized / non-EMV taken for EMV). FI-PCP-14: Traffic sign / signal not detected or misclassified (incl. temporary signage). FI-PCP-17: Degradation under specific environmental conditions not compensated (rain, fog, night, glare, shadows, low contrast). FI-SEN-02: Sensor data of insufficient quality (resolution, SNR, range) for the downstream task. FI-VI-07: Incorrect assumption on own capability envelope (braking / steering limits vs load, adhesion, grade). | Z5: Simulation, then track | AA5: sut_cut_out (public Foretellix evaluation scenario: ego leaves lane behind a lead) is the closest analog with a lead added | AB5: PROPOSED
A6: LC-NOM-02 | B6: LC-NOM | C6: sut_lane_change_into_gap_with_surrounding_traffic | D6: Miro 'Concrete Scenario A' | E6: SDT changes lane into the gap between B (ahead) and D (behind) in the target lane, with A and C in the origin lane. All actors keep their speed. | F6: Discretionary | G6: left / right | H6: A: lead origin lane, constant speed; B: lead target lane, constant speed; C: follower origin lane, constant speed; D: follower target lane, constant speed | I6: init_drive > signal > change_lane > post_phase | J6: Lane Count >= 2 (TORC-ODD-356); dashed boundary (TORC-FLD-1588) | K6: sdt_speed, lc_side, front_gap_target_lane, rear_gap_target_lane, actor_speed_rel_to_sdt (B, D), actor_kind | L6: Gap size small / medium / large; D slower / same / faster than SDT | M6: Accept the gap only if front gap to B and rear gap to D are above thresholds that depend on speed and relative speed, and D does not need to brake hard. Otherwise wait, adjust speed to align with a better gap, or stay. | N6: T1, T3, T5, T6, T7, T8, T9, T10 | O6: front_gap_target_lane [0..6 s, 0.5 s]; rear_gap_target_lane [0..6 s, 0.5 s]; rel_speed_D [-20..+30 mph, 5 mph]; lc_side; actor_kind(D); cross: rear_gap x rel_speed_D | P6: K-SAF-01, K-SAF-02, K-SAF-04, K-SAF-05, K-SAF-06, K-CMP-01, K-CMP-02, K-EFF-01, K-CRT-02 | Q6: M-01, M-02, M-04, M-05, M-06, M-11 | R6: In-ODD | S6: Longitudinal speed, Longitudinal gap, Lateral clearance, Signal intent for maneuver, Lateral control / stay-in-lane | T6: 32 | U6: Excessive Acceleration, Excessive Deceleration, Excessive Steering, Insufficient Acceleration, Insufficient Deceleration, Insufficient Steering, No Acceleration, No Deceleration, No Steering, No Turn Signal, Steering for too long / stuck, Steering in opposite direction, Turn Signal in opposite direction, Turn Signal too late, Unintended Acceleration, Unintended Deceleration, Unintended Steering, Unintended Turn Signal | V6: H1, H2, H3, H4 | W6: Highway x Lane Changes / Overtaking x H1; Highway x Lane Changes / Overtaking x H2; Highway x Lane Changes / Overtaking x H3; Highway x Lane Changes / Overtaking x H4 | X6: TC-CRAWL-168: Vehicle with color with low contrast to environment TC-CRAWL-169: Vehicle with low reflectivity TC-CRAWL-173: Too many vehicles / Dense traffic TC-CRAWL-186: Vehicle partially occluded by another vehicle TC-CRAWL-176: Following too close | Y6: FI-PCP-06: Actor / object not detected (OMV, VRU, static obstacle missed). FI-PCP-08: Incorrect actor position (adjacent / opposite / crossing). FI-PCP-09: Incorrect actor velocity (longitudinal / lateral). FI-PCP-12: Unstable / intermittent detection under intermittent occlusion. FI-PCP-17: Degradation under specific environmental conditions not compensated (rain, fog, night, glare, shadows, low contrast). FI-VI-04: Wrong prediction of other actor motion / intent (adjacent, opposite, VRU). FI-VI-06: Replanning too late for a dynamic change (cut-in, intrusion, lane shift). | Z6: Simulation; public road with Torc lead (B) and chase (D) vehicles | AA6: sut_cut_out family with target-lane actors added | AB6: PROPOSED
A7: LC-NOM-03 | B7: LC-NOM | C7: sut_overtake_slow_lead | E7: A is slower than SDT in the origin lane. SDT changes lane, passes A, keeps the target lane or prepares to return. | F7: Discretionary (efficiency) | G7: left (typical) | H7: A: slow lead origin lane; B, D optional in target lane | I7: approach_slow_lead > signal > change_lane > pass > post_phase | J7: Lane Count >= 2; left-lane-for-passing signage where present (TC-CRAWL-134) | K7: sdt_speed, actor_speed_rel_to_sdt (A: -25..-5 mph), distance_to_A_at_decision, front_gap_target_lane, rear_gap_target_lane | L7: A is a car / truck / wide load; target lane busy or free | M7: Decide to overtake early enough to avoid hard braking behind A; pass at a safe lateral distance; do not overtake where prohibited. | N7: T1, T3, T4, T5, T6, T7, T8, T9, T10 | O7: rel_speed_A [-25..-5 mph, 5 mph]; distance_to_A_at_decision [20..200 m, 20 m]; actor_kind(A) | P7: K-SAF-01, K-SAF-02, K-SAF-04, K-CMP-01, K-EFF-01, K-EFF-04 | Q7: M-01, M-02, M-03, M-06, M-11 | R7: In-ODD | S7: Longitudinal speed, Longitudinal gap, Lateral clearance | T7: 20 | U7: Excessive Acceleration, Excessive Deceleration, Excessive Steering, Insufficient Acceleration, Insufficient Deceleration, Insufficient Steering, No Acceleration, No Deceleration, No Steering, Steering for too long / stuck, Steering in opposite direction, Unintended Acceleration, Unintended Deceleration, Unintended Steering | V7: H1, H2, H3, H5, H6 | W7: Highway x Lane Changes / Overtaking x H1; Highway x Lane Changes / Overtaking x H2; Highway x Lane Changes / Overtaking x H3 | X7: TC-CRAWL-134: Sign missed leading to incorrect lane-use assumption TC-CRAWL-187: Large vehicle configuration TC-CRAWL-189: Wide-Load vehicle TC-CRAWL-192: Trailer swerving/swaying | Y7: FI-PCP-06: Actor / object not detected (OMV, VRU, static obstacle missed). FI-PCP-08: Incorrect actor position (adjacent / opposite / crossing). FI-PCP-09: Incorrect actor velocity (longitudinal / lateral). FI-PCP-14: Traffic sign / signal not detected or misclassified (incl. temporary signage). FI-VI-04: Wrong prediction of other actor motion / intent (adjacent, opposite, VRU). FI-VI-06: Replanning too late for a dynamic change (cut-in, intrusion, lane shift). | Z7: Simulation; track | AA7: Lead-vehicle family composed with sut_cut_out (lead-vehicle scenario name not verified) | AB7: PROPOSED
A8: LC-NOM-04 | B8: LC-NOM | C8: sut_return_lane_after_overtake | E8: After passing, SDT returns to the original lane in front of the overtaken vehicle, which is now C in the target lane. | F8: Discretionary | G8: right (typical) | H8: D (former A): overtaken vehicle, now behind in the target lane; B optional | I8: pass > signal > change_lane_back > post_phase | J8: Lane Count >= 2 | K8: rear_gap_target_lane (to overtaken vehicle), actor_speed_rel_to_sdt, trailer length | L8: Overtaken vehicle accelerates while being passed | M8: Return only when the full combination (tractor and trailer) is clear of the overtaken vehicle with a rear gap above threshold (TX TRC 545.053). | N8: T1, T3, T5, T6, T7, T9, T10 | O8: rear_gap_target_lane [0..6 s, 0.5 s]; rel_speed_overtaken [-10..+10 mph] | P8: K-SAF-01, K-SAF-05, K-CMP-05, K-CRT-02 | Q8: M-01, M-02, M-05, M-10 | R8: In-ODD | S8: Longitudinal gap, Lateral clearance, Misleading signal (not needed) | T8: 18 | U8: Excessive Acceleration, Excessive Deceleration, Excessive Steering, Insufficient Acceleration, Insufficient Deceleration, Insufficient Steering, No Acceleration, No Deceleration, No Steering, No Turn Signal, Steering for too long / stuck, Steering in opposite direction, Turn Signal in opposite direction, Turn Signal too late, Unintended Acceleration, Unintended Deceleration, Unintended Steering, Unintended Turn Signal | V8: H1, H2, H3 | W8: Highway x Lane Changes / Overtaking x H1; Highway x Lane Changes / Overtaking x H2; Highway x Lane Changes / Overtaking x H3 | X8: TC-CRAWL-014: Sensor field-of-view obstruction by cargo/mount TC-CRAWL-176: Following too close TC-CRAWL-186: Vehicle partially occluded by another vehicle | Y8: FI-PCP-06: Actor / object not detected (OMV, VRU, static obstacle missed). FI-PCP-08: Incorrect actor position (adjacent / opposite / crossing). FI-PCP-09: Incorrect actor velocity (longitudinal / lateral). FI-PCP-12: Unstable / intermittent detection under intermittent occlusion. FI-PCP-16: Incorrect trailer position / configuration (or trailer in wrong coordinate frame). FI-VI-04: Wrong prediction of other actor motion / intent (adjacent, opposite, VRU). FI-VI-06: Replanning too late for a dynamic change (cut-in, intrusion, lane shift). FI-VI-07: Incorrect assumption on own capability envelope (braking / steering limits vs load, adhesion, grade). | Z8: Simulation; track | AA8: Reverse of sut_cut_out (ego returns in front of a vehicle); no public library name verified | AB8: PROPOSED
A9: LC-TGT-01 | B9: LC-TGT | C9: sut_lane_change_with_fast_rear_approach | E9: D approaches fast in the target lane while SDT prepares or starts the lane change. | F9: Discretionary | G9: left / right | H9: D: follower target lane, closing fast; B optional | I9: init_drive > signal > change_lane > post_phase | J9: Lane Count >= 2 | K9: rear_closing_speed, rear_gap_target_lane, sdt_speed, actor_kind(D), D appears during prepare vs execute phase | L9: D visible early / D emerges from occlusion behind C | M9: Do not start if D would have to brake above threshold; if already started, abort and return when safer than continuing. | N9: T1, T3, T5, T8 | O9: rear_closing_speed [0..30 mph, 5 mph]; rear_gap_target_lane [0..6 s, 0.5 s]; phase_at_detection [prepare, early execute, late execute] | P9: K-SAF-01, K-SAF-02, K-SAF-05, K-SAF-08, K-CMP-02 | Q9: M-01, M-02, M-04, M-05, M-06, M-10, M-11 | R9: In-ODD | S9: Longitudinal gap, Longitudinal speed, Lateral clearance | T9: 20 | U9: Excessive Acceleration, Excessive Deceleration, Excessive Steering, Insufficient Acceleration, Insufficient Deceleration, Insufficient Steering, No Acceleration, No Deceleration, No Steering, Steering for too long / stuck, Steering in opposite direction, Unintended Acceleration, Unintended Deceleration, Unintended Steering | V9: H1, H2, H3 | W9: Highway x Lane Changes / Overtaking x H1; Highway x Lane Changes / Overtaking x H2; Highway x Lane Changes / Overtaking x H3 | X9: TC-CRAWL-179: Too Fast TC-CRAWL-175: Aggressive Behavior TC-CRAWL-186: Vehicle partially occluded by another vehicle TC-CRAWL-169: Vehicle with low reflectivity | Y9: FI-PCP-06: Actor / object not detected (OMV, VRU, static obstacle missed). FI-PCP-08: Incorrect actor position (adjacent / opposite / crossing). FI-PCP-09: Incorrect actor velocity (longitudinal / lateral). FI-PCP-12: Unstable / intermittent detection under intermittent occlusion. FI-PCP-17: Degradation under specific environmental conditions not compensated (rain, fog, night, glare, shadows, low contrast). FI-VI-04: Wrong prediction of other actor motion / intent (adjacent, opposite, VRU). FI-VI-06: Replanning too late for a dynamic change (cut-in, intrusion, lane shift). | Z9: Simulation; track | AB9: PROPOSED
A10: LC-TGT-02 | B10: LC-TGT | C10: sut_lane_change_with_simultaneous_merge_from_far_lane | D10: Miro 'Concrete Scenario B' (vehicle E) | E10: While SDT changes into the target lane, E in the lane beyond the target lane also changes into the same target lane. | F10: Discretionary | G10: left / right (requires lane_count >= 3) | H10: E: far-lane vehicle, starts lane change into target lane; A, B, C, D as in NOM-02; F optional | I10: init_drive > signal > change_lane (SDT) || change_lane (E) > resolve > post_phase | J10: Lane Count >= 3 (TORC-ODD-356: 46.6% of miles) | K10: actor_lc_start_time_rel_to_sdt (E), E longitudinal offset to SDT, actor_speed_rel_to_sdt (E), actor_lateral_speed (E), E signals or not | L10: Miro: E1 holds velocity equal to SDT (side by side); E2 accelerates forward. Added: E3 decelerates, E4 no turn signal | M10: Detect E's intent (signal, lateral drift) early; if conflict, hold or abort and return; never complete the lane change into a space E is entering. | N10: T1, T3, T5, T8 | O10: E_lc_start_rel_to_sdt [-2..+3 s, 0.5 s]; E_long_offset [-30..+30 m, 5 m]; E_rel_speed [-10..+15 mph]; E_signal [yes, no]; cross: E_offset x E_rel_speed | P10: K-SAF-01, K-SAF-02, K-SAF-04, K-SAF-08, K-CMP-02 | Q10: M-02, M-04, M-05, M-06, M-11 | R10: In-ODD | S10: Lateral clearance, Lane keeping / route guidance, Signal intent for maneuver | T10: 16 | U10: Excessive Steering, Insufficient Steering, No Steering, No Turn Signal, Steering for too long / stuck, Steering in opposite direction, Turn Signal in opposite direction, Turn Signal too late, Unintended Steering, Unintended Turn Signal | V10: H1, H2, H3, H4 | W10: Highway x Lane Changes / Overtaking x H1; Highway x Lane Changes / Overtaking x H4 | X10: TC-CRAWL-171: Vehicle moving out of lane TC-CRAWL-175: Aggressive Behavior TC-CRAWL-181: Erratic Behavior TC-CRAWL-184: Turn signal washed out by glare / burnt-out bulb TC-CRAWL-186: Vehicle partially occluded by another vehicle | Y10: FI-PCP-06: Actor / object not detected (OMV, VRU, static obstacle missed). FI-PCP-08: Incorrect actor position (adjacent / opposite / crossing). FI-PCP-09: Incorrect actor velocity (longitudinal / lateral). FI-PCP-12: Unstable / intermittent detection under intermittent occlusion. FI-PCP-17: Degradation under specific environmental conditions not compensated (rain, fog, night, glare, shadows, low contrast). FI-VI-04: Wrong prediction of other actor motion / intent (adjacent, opposite, VRU). FI-VI-06: Replanning too late for a dynamic change (cut-in, intrusion, lane shift). | Z10: Simulation; public road with Torc lead (B), chase (D) and a controlled E (Miro Concrete B) | AA10: vehicle_cut_in (E cutting toward SDT lane) composed with sut_cut_out | AB10: PROPOSED
A11: LC-TGT-03 | B11: LC-TGT | C11: sut_lane_change_with_closing_gap | E11: D accelerates to close the gap while SDT signals or starts the lane change (non-cooperative driver). | F11: Discretionary | G11: left / right | H11: D: follower target lane, accelerates after SDT signal; B constant | I11: init_drive > signal > change_lane > post_phase | J11: Lane Count >= 2 | K11: D acceleration [0.5..3 m/s2], D reaction delay to SDT signal [0..3 s], rear_gap_target_lane | L11: D accelerates during signal phase / during lateral motion | M11: Re-evaluate the gap continuously; abort or delay; do not force D to brake. | N11: T3, T5, T8 | O11: D_accel [0.5..3 m/s2]; D_reaction_delay [0..3 s]; phase_at_trigger | P11: K-SAF-01, K-SAF-05, K-SAF-08, K-EFF-03 | Q11: M-06 | R11: In-ODD | S11: Longitudinal gap, Lateral clearance | T11: 14 | U11: Excessive Acceleration, Excessive Deceleration, Excessive Steering, Insufficient Acceleration, Insufficient Deceleration, Insufficient Steering, No Acceleration, No Deceleration, No Steering, Steering for too long / stuck, Steering in opposite direction, Unintended Acceleration, Unintended Deceleration, Unintended Steering | V11: H1, H2, H3 | W11: Highway x Lane Changes / Overtaking x H1; Highway x Lane Changes / Overtaking x H2; Highway x Lane Changes / Overtaking x H3 | X11: TC-CRAWL-175: Aggressive Behavior TC-CRAWL-176: Following too close | Y11: FI-PCP-06: Actor / object not detected (OMV, VRU, static obstacle missed). FI-PCP-08: Incorrect actor position (adjacent / opposite / crossing). FI-PCP-09: Incorrect actor velocity (longitudinal / lateral). FI-VI-04: Wrong prediction of other actor motion / intent (adjacent, opposite, VRU). FI-VI-06: Replanning too late for a dynamic change (cut-in, intrusion, lane shift). | Z11: Simulation | AB11: PROPOSED
A12: LC-TGT-04 | B12: LC-TGT | C12: sut_lane_change_with_target_lead_braking | E12: B brakes while SDT is moving into the target lane behind it. | F12: Discretionary | G12: left / right | H12: B: lead target lane, brakes; D behind | I12: init_drive > change_lane > B_brake > post_phase | J12: Lane Count >= 2 | K12: actor_long_decel (B), front_gap_target_lane, phase_at_trigger | L12: B brakes mildly / hard; D close behind (no room to brake hard) | M12: Keep a safe gap to B while finishing or aborting; manage braking with D behind (H3 risk). | N12: T1, T3, T8, T9 | O12: B_decel [1..8 m/s2, 1]; front_gap_target_lane; rear_gap_target_lane; phase_at_trigger | P12: K-SAF-01, K-SAF-02, K-SAF-06, K-SAF-08 | Q12: M-01, M-04, M-05, M-09 | R12: In-ODD | S12: Longitudinal speed, Longitudinal gap | T12: 14 | U12: Excessive Acceleration, Excessive Deceleration, Insufficient Acceleration, Insufficient Deceleration, No Acceleration, No Deceleration, Unintended Acceleration, Unintended Deceleration | V12: H1, H2, H3, H5 | W12: Highway x Lane Changes / Overtaking x H2; Highway x Lane Changes / Overtaking x H3 | X12: TC-CRAWL-185: Brake lights vs. hazard lights misclassified TC-CRAWL-176: Following too close TC-CRAWL-039: Downhill grade increasing stopping distance | Y12: FI-PCP-04: Incorrect lane position / geometry estimate delivered (lateral position, curvature). FI-PCP-06: Actor / object not detected (OMV, VRU, static obstacle missed). FI-PCP-08: Incorrect actor position (adjacent / opposite / crossing). FI-PCP-09: Incorrect actor velocity (longitudinal / lateral). FI-VI-01: Plans trajectory following an incorrect ego lane (propagates FI-PCP-04 / FI-LOC-05). FI-VI-04: Wrong prediction of other actor motion / intent (adjacent, opposite, VRU). FI-VI-06: Replanning too late for a dynamic change (cut-in, intrusion, lane shift). FI-VI-07: Incorrect assumption on own capability envelope (braking / steering limits vs load, adhesion, grade). | Z12: Simulation; track | AA12: Lead-vehicle braking composed with sut_cut_out (name not verified) | AB12: PROPOSED
A13: LC-TGT-05 | B13: LC-TGT | C13: sut_lane_change_with_vehicle_alongside_trailer | E13: A vehicle travels alongside the SDT trailer in the target lane (D overlapping the combination), partly in the trailer blind zone. | F13: Discretionary | G13: left / right | H13: D: in target lane overlapping trailer length | I13: init_drive > signal > change_lane > post_phase | J13: Lane Count >= 2 | K13: D longitudinal position along trailer [-25..+5 m from tractor front], actor_speed_rel_to_sdt (D), actor_kind(D) | L13: D lingers alongside / slowly passing / slowly falling back | M13: Target lane must be clear over the whole combination length plus margins before any lateral motion. | N13: T1, T5, T7 | O13: D_long_position_along_trailer [-25..+5 m, 2.5 m]; D_rel_speed [-5..+5 mph]; actor_kind(D) | P13: K-SAF-01, K-SAF-04, K-CMP-02 | Q13: M-01, M-02, M-05, M-10, M-11 | R13: In-ODD | S13: Lateral clearance, Lateral control / stay-in-lane | T13: 14 | U13: Excessive Acceleration, Excessive Deceleration, Excessive Steering, Insufficient Acceleration, Insufficient Deceleration, Insufficient Steering, No Acceleration, No Deceleration, No Steering, Steering for too long / stuck, Steering in opposite direction, Unintended Acceleration, Unintended Deceleration, Unintended Steering | V13: H1, H2, H3, H5 | W13: Highway x Lane Changes / Overtaking x H1; Highway x Lane Changes / Overtaking x H2; Highway x Lane Changes / Overtaking x H3 | X13: TC-CRAWL-014: Sensor field-of-view obstruction by cargo/mount TC-CRAWL-186: Vehicle partially occluded by another vehicle TC-CRAWL-193: Flat trailer side blending with sky/background (under-detection) TC-CRAWL-012: Dirty/occluded sensor lens | Y13: FI-PCP-06: Actor / object not detected (OMV, VRU, static obstacle missed). FI-PCP-08: Incorrect actor position (adjacent / opposite / crossing). FI-PCP-09: Incorrect actor velocity (longitudinal / lateral). FI-PCP-12: Unstable / intermittent detection under intermittent occlusion. FI-PCP-16: Incorrect trailer position / configuration (or trailer in wrong coordinate frame). FI-PCP-17: Degradation under specific environmental conditions not compensated (rain, fog, night, glare, shadows, low contrast). FI-SEN-03: Sensor configuration / calibration incorrect (wrong parameters, drift). FI-SEN-04: Sensor mounting misaligned / data in unexpected coordinate frame (incl. factory mispositioning). FI-VI-04: Wrong prediction of other actor motion / intent (adjacent, opposite, VRU). FI-VI-06: Replanning too late for a dynamic change (cut-in, intrusion, lane shift). FI-VI-07: Incorrect assumption on own capability envelope (braking / steering limits vs load, adhesion, grade). | Z13: Simulation; track | AB13: PROPOSED
A14: LC-TGT-06 | B14: LC-TGT | C14: sut_lane_change_with_motorcycle_in_blind_spot | E14: A motorcycle is in the target lane in the SDT blind zone or lane-splitting. | F14: Discretionary | G14: left / right | H14: D (motorcycle): target lane, beside or behind trailer | I14: init_drive > signal > change_lane > post_phase | J14: Lane Count >= 2 | K14: motorcycle position along combination, actor_speed_rel_to_sdt, lateral position in lane | L14: Motorcycle steady / accelerating to pass / filtering between lanes | M14: Detect small actors in all side slots; no lateral motion until confirmed clear. | N14: T1, T3, T5 | O14: moto_long_position [-25..+5 m]; moto_lateral_offset [-1..+1 m]; moto_rel_speed [-5..+20 mph] | P14: K-SAF-01, K-SAF-04 | Q14: M-01, M-04, M-05, M-10 | R14: In-ODD | S14: Lateral clearance | T14: 6 | U14: Excessive Steering, Insufficient Steering, No Steering, Steering for too long / stuck, Steering in opposite direction, Unintended Steering | V14: H1, H2 | W14: Highway x Lane Changes / Overtaking x H1 | X14: TC-CRAWL-200: Small radar/visual cross-section reducing detection range TC-CRAWL-201: Motorcycle riding in vehicle blind spot due to narrow profile | Y14: FI-PCP-06: Actor / object not detected (OMV, VRU, static obstacle missed). FI-PCP-07: Actor provided too late (perception latency in collision-critical situation). FI-PCP-12: Unstable / intermittent detection under intermittent occlusion. FI-VI-04: Wrong prediction of other actor motion / intent (adjacent, opposite, VRU). | Z14: Simulation; track with motorcycle target | AB14: PROPOSED
A15: LC-TGT-07 | B15: LC-TGT | C15: sut_lane_change_next_to_large_or_unstable_vehicle | E15: Target lane contains a wide load or a truck with a swaying trailer next to the gap. | F15: Discretionary | G15: left / right | H15: B or D: wide load / swaying trailer / oversize vehicle | I15: init_drive > signal > change_lane > post_phase | J15: Lane Count >= 2; Lane Width (TORC-ODD-76) | K15: actor_kind, actor lateral excursion amplitude [0..1 m], lane_width | L15: Wide load encroaching on boundary; trailer sway under wind | M15: Increase lateral and longitudinal margins or do not change lane next to unstable / oversize vehicles. | N15: T1, T3, T5, T7 | O15: actor_kind [wide load, swaying trailer, oversize]; lateral_excursion [0..1 m, 0.25 m]; lane_width | P15: K-SAF-01, K-SAF-04 | Q15: M-03, M-08 | R15: In-ODD | S15: Lateral clearance | T15: 6 | U15: Excessive Steering, Insufficient Steering, No Steering, Steering for too long / stuck, Steering in opposite direction, Unintended Steering | V15: H1, H2, H5 | W15: Highway x Lane Changes / Overtaking x H1 | X15: TC-CRAWL-187: Large vehicle configuration TC-CRAWL-188: Special cargo type TC-CRAWL-189: Wide-Load vehicle TC-CRAWL-192: Trailer swerving/swaying TC-CRAWL-191: Jackknifing | Y15: FI-PCP-06: Actor / object not detected (OMV, VRU, static obstacle missed). FI-PCP-08: Incorrect actor position (adjacent / opposite / crossing). FI-PCP-09: Incorrect actor velocity (longitudinal / lateral). FI-PCP-16: Incorrect trailer position / configuration (or trailer in wrong coordinate frame). FI-VI-04: Wrong prediction of other actor motion / intent (adjacent, opposite, VRU). FI-VI-06: Replanning too late for a dynamic change (cut-in, intrusion, lane shift). FI-VI-07: Incorrect assumption on own capability envelope (braking / steering limits vs load, adhesion, grade). | Z15: Simulation | AB15: PROPOSED
A16: LC-CUR-01 | B16: LC-CUR | C16: sut_lane_change_with_origin_lead_braking | E16: A brakes while SDT is preparing or executing the lane change. | F16: Discretionary becoming urgent | G16: left / right | H16: A: lead origin lane, brakes; B, D in target lane | I16: init_drive > signal > A_brake || change_lane > post_phase | J16: Lane Count >= 2 | K16: actor_long_decel (A), distance to A, phase_at_trigger, target lane occupancy | L16: Target lane free (continue) / occupied (brake in lane) | M16: Choose between completing the lane change and braking in lane based on target-lane state; never get stuck straddling with A braking. | N16: T1, T3, T5, T8, T9 | O16: A_decel [1..8 m/s2]; distance_to_A [10..80 m]; phase_at_trigger; target_lane_free [yes, no] | P16: K-SAF-01, K-SAF-02, K-SAF-07, K-SAF-08 | Q16: M-01, M-05, M-09 | R16: In-ODD | S16: Longitudinal speed, Front obstacle avoidance, Longitudinal gap | T16: 20 | U16: Excessive Acceleration, Excessive Deceleration, Excessive Steering, Insufficient Acceleration, Insufficient Deceleration, Insufficient Steering, No Acceleration, No Deceleration, No Steering, Steering in opposite direction, Steering too late, Unintended Acceleration, Unintended Deceleration, Unintended Steering | V16: H1, H2, H3, H4, H5 | W16: Highway x Lane Changes / Overtaking x H1; Highway x Lane Changes / Overtaking x H2; Highway x Lane Changes / Overtaking x H3; Highway x Lane Changes / Overtaking x H4 | X16: TC-CRAWL-185: Brake lights vs. hazard lights misclassified TC-CRAWL-174: Accident TC-CRAWL-039: Downhill grade increasing stopping distance | Y16: FI-PCP-04: Incorrect lane position / geometry estimate delivered (lateral position, curvature). FI-PCP-06: Actor / object not detected (OMV, VRU, static obstacle missed). FI-PCP-08: Incorrect actor position (adjacent / opposite / crossing). FI-PCP-09: Incorrect actor velocity (longitudinal / lateral). FI-VI-01: Plans trajectory following an incorrect ego lane (propagates FI-PCP-04 / FI-LOC-05). FI-VI-04: Wrong prediction of other actor motion / intent (adjacent, opposite, VRU). FI-VI-06: Replanning too late for a dynamic change (cut-in, intrusion, lane shift). FI-VI-07: Incorrect assumption on own capability envelope (braking / steering limits vs load, adhesion, grade). | Z16: Simulation; track | AA16: Lead-vehicle braking composed with sut_cut_out (name not verified) | AB16: PROPOSED
A17: LC-CUR-02 | B17: LC-CUR | C17: sut_evasive_lane_change_after_lead_cut_out | E17: A cuts out and reveals a stopped vehicle or obstacle in the origin lane; SDT must change lane or stop. | F17: Mandatory (evasive) | G17: left / right | H17: A: cuts out to target lane; O: stopped vehicle / obstacle in origin lane; D in target lane | I17: follow_A > A_cut_out > reveal_O > decide > change_lane or brake | J17: Lane Count >= 2 | K17: distance to O at reveal, sdt_speed, target lane occupancy, O kind | L17: Target lane free / occupied; O is vehicle / debris / crash | M17: Brake first if the target lane is not clear; evasive lane change only with a verified gap. | N17: T1, T3, T4, T5, T8, T9 | O17: distance_to_O_at_reveal [20..150 m, 10 m]; sdt_speed; target_lane_free | P17: K-SAF-01, K-SAF-02, K-SAF-05, K-SAF-08 | Q17: M-01, M-04, M-05, M-06 | R17: In-ODD (stopped vehicle in lane: Out-of-ODD when disabled vehicle) | S17: Front obstacle avoidance, Longitudinal speed, Lateral clearance | T17: 18 | U17: Excessive Acceleration, Excessive Deceleration, Excessive Steering, Insufficient Steering, No Acceleration, No Deceleration, No Steering, Steering for too long / stuck, Steering in opposite direction, Steering too late, Unintended Acceleration, Unintended Deceleration, Unintended Steering | V17: H1, H2, H3, H4 | W17: Highway x Lane Changes / Overtaking x H1; Highway x Lane Changes / Overtaking x H2; Highway x Lane Changes / Overtaking x H3; Highway x Lane Changes / Overtaking x H4 | X17: TC-CRAWL-182: Stopped in Lane TC-CRAWL-186: Vehicle partially occluded by another vehicle TC-CRAWL-210: Solid obstacle on ego path TC-CRAWL-174: Accident | Y17: FI-PCP-06: Actor / object not detected (OMV, VRU, static obstacle missed). FI-PCP-08: Incorrect actor position (adjacent / opposite / crossing). FI-PCP-09: Incorrect actor velocity (longitudinal / lateral). FI-PCP-11: False positive actors / objects (ghost targets). FI-PCP-12: Unstable / intermittent detection under intermittent occlusion. FI-PCP-18: Out-of-distribution / unseen object class not handled safely (no safe default). FI-VI-02: Plans trajectory leaving the ego lane to satisfy constraints (false-positive avoidance, MC constraints). FI-VI-04: Wrong prediction of other actor motion / intent (adjacent, opposite, VRU). FI-VI-06: Replanning too late for a dynamic change (cut-in, intrusion, lane shift). | Z17: Simulation | AA17: vehicle_cut_out_exposing_vehicle (public Foretellix evaluation scenario) | AB17: PROPOSED
A18: LC-CUR-03 | B18: LC-CUR | C18: sut_lane_change_with_tailgating_follower | E18: C follows very close behind SDT in the origin lane while SDT prepares a lane change that needs speed adjustment. | F18: Discretionary | G18: left / right | H18: C: follower origin lane, short headway; B, D target lane | I18: init_drive > adjust_speed > change_lane > post_phase | J18: Lane Count >= 2 | K18: C headway [0.3..1.5 s], SDT decel needed for gap alignment | L18: C also starts to change lane | M18: Prefer gap alignment by acceleration or waiting rather than braking with a tailgater; signal early. | N18: T1, T5, T6, T9 | O18: C_headway [0.3..1.5 s, 0.1]; sdt_decel_requested [0..3 m/s2] | P18: K-SAF-01, K-SAF-02, K-CRT-02 | Q18: M-04, M-06 | R18: In-ODD | S18: Longitudinal speed, Longitudinal gap, Signal intent for maneuver | T18: 18 | U18: Excessive Acceleration, Excessive Deceleration, Insufficient Acceleration, Insufficient Deceleration, No Acceleration, No Deceleration, No Turn Signal, Turn Signal in opposite direction, Turn Signal too late, Unintended Acceleration, Unintended Deceleration, Unintended Turn Signal | V18: H1, H2, H3, H4 | W18: Highway x Lane Changes / Overtaking x H1; Highway x Lane Changes / Overtaking x H2; Highway x Lane Changes / Overtaking x H3; Highway x Lane Changes / Overtaking x H4 | X18: TC-CRAWL-176: Following too close TC-CRAWL-273: Low sun behind the SDT washing out brake / turn signals for followers TC-CRAWL-274: Dense spray plume behind trailer obscuring rear light units | Y18: FI-PCP-06: Actor / object not detected (OMV, VRU, static obstacle missed). FI-PCP-08: Incorrect actor position (adjacent / opposite / crossing). FI-PCP-09: Incorrect actor velocity (longitudinal / lateral). FI-PCP-17: Degradation under specific environmental conditions not compensated (rain, fog, night, glare, shadows, low contrast). FI-VI-04: Wrong prediction of other actor motion / intent (adjacent, opposite, VRU). FI-VI-06: Replanning too late for a dynamic change (cut-in, intrusion, lane shift). | Z18: Simulation | AB18: PROPOSED
A19: LC-RD-01 | B19: LC-RD | C19: sut_mandatory_lane_change_lane_drop | E19: The origin lane ends (lane drop / lane ends) and SDT must merge into the adjacent lane with traffic. | F19: Mandatory (deadline) | G19: toward continuing lane | H19: B, D in target lane; C behind | I19: approach_drop > decide > signal > change_lane > post_phase | J19: Lane Count change (TORC-ODD-356); merge arrows / signs (TC-CRAWL-079, 140) | K19: distance_to_mandatory_point, traffic_volume, front_gap_target_lane, rear_gap_target_lane | L19: Lane drop signed / unsigned; drop not in map | M19: Plan the lane change early with enough distance to find a gap; adjust speed to create a gap; never reach the end of the lane without a solution (fallback: controlled stop before taper). | N19: T2, T4, T5, T6, T7, T8 | O19: distance_to_mandatory_point [100..1600 m]; traffic_volume [300..2000 veh/h]; first_feasible_gap_index | P19: K-SAF-01, K-SAF-05, K-CMP-01, K-EFF-01, K-EFF-03 | Q19: M-04, M-05, M-06 | R19: In-ODD | S19: Lane keeping / route guidance, Longitudinal gap, Lateral clearance | T19: 20 | U19: Excessive Acceleration, Excessive Deceleration, Excessive Steering, Insufficient Acceleration, Insufficient Deceleration, Insufficient Steering, No Acceleration, No Deceleration, No Steering, Steering for too long / stuck, Steering in opposite direction, Unintended Acceleration, Unintended Deceleration, Unintended Steering | V19: H1, H2, H3 | W19: Highway x Lane Changes / Overtaking x H1; Highway x Lane Changes / Overtaking x H2; Highway x Lane Changes / Overtaking x H3 | X19: TC-CRAWL-024: Unmarked lane count change (add/drop) TC-CRAWL-046: lane ends TC-CRAWL-047: Lane merges into adjacent lane without warning TC-CRAWL-148: Lane drop not anticipated (mandatory exit not flagged in time) TC-CRAWL-079: Faded merge arrow marking TC-CRAWL-140: Merge warning sign missed/obscured | Y19: FI-LOC-05: Incorrect lane assignment (ego located in wrong lane of the carriageway). FI-PCP-01: Lane markings not detected (no lane data provided to VI). FI-PCP-02: Lane markings detected with insufficient precision or inconsistent performance. FI-PCP-04: Incorrect lane position / geometry estimate delivered (lateral position, curvature). FI-PCP-05: False positive lanes accepted (fake / shadow / skid-mark lanes). FI-PCP-06: Actor / object not detected (OMV, VRU, static obstacle missed). FI-PCP-14: Traffic sign / signal not detected or misclassified (incl. temporary signage). FI-VI-01: Plans trajectory following an incorrect ego lane (propagates FI-PCP-04 / FI-LOC-05). FI-VI-05: Incorrect traffic-rule application (right-of-way, speed rule, move-over, gap acceptance). | Z19: Simulation; public road site | AB19: PROPOSED
A20: LC-RD-02 | B20: LC-RD | C20: sut_lane_change_in_work_zone_lane_closure | E20: Work zone closes a lane with channelizing devices; SDT must merge and follow shifted / temporary lanes. | F20: Mandatory (deadline) | G20: toward open lane | H20: B, D in open lane; S: workers / equipment; O: cones, barrels | I20: approach_wz > detect_closure > signal > change_lane > follow_shift | J20: Work Zones (TORC-FLD-1569); temporary markings contradicting permanent markings | K20: taper distance, temporary vs permanent marking conflict, traffic_volume, worker proximity | L20: Closure in map / not in map; night work zone | M20: Follow temporary devices over permanent markings; merge before taper (zipper merge when congested); respect reduced speed. | N20: T1, T2, T4, T5, T6, T7 | O20: taper_distance; marking_conflict [yes, no]; closure_in_map [yes, no]; light [day, night] | P20: K-SAF-01, K-SAF-04, K-CMP-03, K-EFF-01 | Q20: M-05, M-06 | R20: In-ODD (Work Zones element present, no values in HD map yet) | S20: Lane keeping / route guidance, Lateral clearance, Longitudinal gap | T20: 20 | U20: Excessive Acceleration, Excessive Deceleration, Excessive Steering, Insufficient Acceleration, Insufficient Deceleration, Insufficient Steering, No Acceleration, No Deceleration, No Steering, Steering for too long / stuck, Steering in opposite direction, Unintended Acceleration, Unintended Deceleration, Unintended Steering | V20: H1, H2, H3 | W20: Highway x Lane Changes / Overtaking x H1; Highway x Lane Changes / Overtaking x H2; Highway x Lane Changes / Overtaking x H3 | X20: TC-CRAWL-240: Temporary work-zone markings contradicting permanent markings TC-CRAWL-241: Shifted / temporary lanes not reflected in the map TC-CRAWL-242: Channelizing devices (cones, barrels, barriers) misclassified or not detected TC-CRAWL-243: Temporary reduced-speed work-zone signage missed TC-CRAWL-244: Workers adjacent to live lane (inside marked work zone) TC-CRAWL-245: Night work zone with glare from work lights TC-CRAWL-238: Stale/outdated map not reflecting recent construction changes | Y20: FI-LOC-04: Offline map incorrect or stale vs reality. FI-LOC-05: Incorrect lane assignment (ego located in wrong lane of the carriageway). FI-PCP-03: Non-standard / unconventional markings not recognized. FI-PCP-05: False positive lanes accepted (fake / shadow / skid-mark lanes). FI-PCP-06: Actor / object not detected (OMV, VRU, static obstacle missed). FI-PCP-07: Actor provided too late (perception latency in collision-critical situation). FI-PCP-10: Incorrect object classification (incl. EMV not recognized / non-EMV taken for EMV). FI-PCP-13: Speed limit not detected or incorrect value provided. FI-PCP-14: Traffic sign / signal not detected or misclassified (incl. temporary signage). FI-PCP-17: Degradation under specific environmental conditions not compensated (rain, fog, night, glare, shadows, low contrast). FI-VI-01: Plans trajectory following an incorrect ego lane (propagates FI-PCP-04 / FI-LOC-05). FI-VI-04: Wrong prediction of other actor motion / intent (adjacent, opposite, VRU). | Z20: Simulation; public road site (Walk scope adds fixed construction zone) | AB20: PROPOSED
A21: LC-RD-03 | B21: LC-RD | C21: sut_lane_change_in_weave_section | E21: SDT changes lane in a weave section between an on-ramp and an off-ramp with many crossing lane changes. | F21: Discretionary or mandatory | G21: left / right | H21: E, F, B, D: vehicles weaving in both directions | I21: enter_weave > change_lane > exit_weave | J21: Weaving Lane (TC-CRAWL-049); Merging Lane | K21: weave length, number of weaving actors, traffic_volume | L21: Short weave; dense weaving traffic | M21: Anticipate crossing lane changes of others; avoid lane change in the shortest part of the weave when possible. | N21: T1, T2, T3, T5 | O21: weave_length [200..800 m]; weaving_actor_count [0..6] | P21: K-SAF-01, K-SAF-02, K-SAF-04 | Q21: M-06 | R21: In-ODD | S21: Lateral clearance, Longitudinal gap | T21: 14 | U21: Excessive Acceleration, Excessive Deceleration, Excessive Steering, Insufficient Acceleration, Insufficient Deceleration, Insufficient Steering, No Acceleration, No Deceleration, No Steering, Steering for too long / stuck, Steering in opposite direction, Unintended Acceleration, Unintended Deceleration, Unintended Steering | V21: H1, H2, H3 | W21: Highway x Lane Changes / Overtaking x H1; Highway x Lane Changes / Overtaking x H2; Highway x Lane Changes / Overtaking x H3 | X21: TC-CRAWL-049: Short weave distance between merge and diverge TC-CRAWL-050: High-density lane-changing traffic within weave section TC-CRAWL-097: Acute ramp merge angle reducing mainline visibility | Y21: FI-PCP-06: Actor / object not detected (OMV, VRU, static obstacle missed). FI-PCP-09: Incorrect actor velocity (longitudinal / lateral). FI-VI-05: Incorrect traffic-rule application (right-of-way, speed rule, move-over, gap acceptance). FI-VI-06: Replanning too late for a dynamic change (cut-in, intrusion, lane shift). | Z21: Simulation | AB21: PROPOSED
A22: LC-RD-04 | B22: LC-RD | C22: sut_mandatory_lane_change_for_exit | E22: SDT must reach the exit lane before the exit; sign may be missed or obscured. | F22: Mandatory (route) | G22: right (typical) | H22: B, D in target lane | I22: approach_exit > decide > signal > change_lane > post_phase | J22: Exit/Off-Ramp; interchange guide signs (TC-CRAWL-144, 145) | K22: distance_to_mandatory_point, traffic_volume, sign visibility | L22: Exit sign obscured; late decision | M22: Plan from map, not only from signs; if the gap cannot be found in time, continue past the exit (reroute) rather than force a late lane change. | N22: T2, T4, T5 | O22: distance_to_exit_at_decision [200..2000 m]; traffic_volume | P22: K-SAF-01, K-SAF-05, K-EFF-01 | Q22: M-04, M-05, M-06 | R22: In-ODD | S22: Lane keeping / route guidance, Longitudinal gap | T22: 14 | U22: Excessive Acceleration, Excessive Deceleration, Excessive Steering, Insufficient Acceleration, Insufficient Deceleration, Insufficient Steering, No Acceleration, No Deceleration, No Steering, Steering for too long / stuck, Steering in opposite direction, Unintended Acceleration, Unintended Deceleration, Unintended Steering | V22: H1, H2, H3 | W22: Highway x Lane Changes / Overtaking x H1; Highway x Lane Changes / Overtaking x H2; Highway x Lane Changes / Overtaking x H3 | X22: TC-CRAWL-101: Short/blocked deceleration lane TC-CRAWL-102: Exit gore misread as a usable lane TC-CRAWL-144: Guide sign misread, leading to wrong lane selection for interchange TC-CRAWL-145: Exit direction sign obscured, causing a late lane change TC-CRAWL-146: Gore sign/marking misread, ambiguous exit-vs-through lane TC-CRAWL-147: Pull-through sign missed, causing incorrect lane assumption at a split | Y22: FI-PCP-05: False positive lanes accepted (fake / shadow / skid-mark lanes). FI-PCP-06: Actor / object not detected (OMV, VRU, static obstacle missed). FI-PCP-09: Incorrect actor velocity (longitudinal / lateral). FI-PCP-11: False positive actors / objects (ghost targets). FI-PCP-12: Unstable / intermittent detection under intermittent occlusion. FI-PCP-14: Traffic sign / signal not detected or misclassified (incl. temporary signage). FI-VI-05: Incorrect traffic-rule application (right-of-way, speed rule, move-over, gap acceptance). FI-VI-06: Replanning too late for a dynamic change (cut-in, intrusion, lane shift). | Z22: Simulation | AB22: PROPOSED
A23: LC-RD-05 | B23: LC-RD | C23: sut_lane_change_to_yield_to_merging_traffic | E23: Vehicles enter from an on-ramp next to SDT; SDT moves over to let them merge (courtesy). | F23: Discretionary (courtesy) | G23: left | H23: E (ramp vehicle): merging from on-ramp; B, D in target lane | I23: approach_ramp > decide > signal > change_lane > post_phase | J23: Entry/On-Ramp (TC-CRAWL-099, 100) | K23: ramp vehicle speed rel to SDT, acceleration-lane length, target lane occupancy | L23: Target lane busy: adjust speed instead | M23: Move over when the target lane is clear; otherwise adjust speed to let the ramp vehicle merge. | N23: T1, T3, T4, T5 | O23: ramp_rel_speed [-30..0 mph]; accel_lane_length; target_lane_free | P23: K-SAF-01, K-CRT-03, K-SAF-05 | Q23: M-06 | R23: In-ODD | S23: Lateral clearance, Longitudinal gap | T23: 14 | U23: Excessive Acceleration, Excessive Deceleration, Excessive Steering, Insufficient Acceleration, Insufficient Deceleration, Insufficient Steering, No Acceleration, No Deceleration, No Steering, Steering for too long / stuck, Steering in opposite direction, Unintended Acceleration, Unintended Deceleration, Unintended Steering | V23: H1, H2, H3 | W23: Highway x Lane Changes / Overtaking x H1; Highway x Lane Changes / Overtaking x H2; Highway x Lane Changes / Overtaking x H3 | X23: TC-CRAWL-052: Vehicle merging at high speed differential TC-CRAWL-099: Short/blocked acceleration lane TC-CRAWL-100: High speed differential with mainline traffic TC-CRAWL-265: Vehicle failing to yield at merge despite signage | Y23: FI-PCP-06: Actor / object not detected (OMV, VRU, static obstacle missed). FI-PCP-09: Incorrect actor velocity (longitudinal / lateral). FI-PCP-12: Unstable / intermittent detection under intermittent occlusion. FI-VI-04: Wrong prediction of other actor motion / intent (adjacent, opposite, VRU). FI-VI-05: Incorrect traffic-rule application (right-of-way, speed rule, move-over, gap acceptance). FI-VI-06: Replanning too late for a dynamic change (cut-in, intrusion, lane shift). | Z23: Simulation; public road site | AB23: PROPOSED
A24: LC-RD-06 | B24: LC-RD | C24: sut_lane_change_with_degraded_lane_markings | E24: Boundary between origin and target lane is faded, missing, double-exposed or misleading. | F24: Discretionary | G24: left / right | H24: none (or NOM-02 traffic) | I24: init_drive > signal > change_lane > post_phase | J24: Lane Boundary (TORC-FLD-1588); Edge Lines | K24: marking_quality, light, rain | L24: Solid line misread as dashed; shadows or skid marks resembling lines | M24: If boundary type or lane count is uncertain, do not change lane unless needed; use map and other vehicles as cues. | N24: T2, T4 | O24: marking_quality [good, faded, missing, double exposure, shadow]; light; rain | P24: K-SAF-01, K-CMP-03 | Q24: M-01, M-04, M-05 | R24: In-ODD | S24: Lane keeping / route guidance, Lateral control / stay-in-lane | T24: 14 | U24: Excessive Acceleration, Excessive Deceleration, Excessive Steering, Insufficient Acceleration, Insufficient Deceleration, Insufficient Steering, No Acceleration, No Deceleration, No Steering, Steering for too long / stuck, Steering in opposite direction, Unintended Acceleration, Unintended Deceleration, Unintended Steering | V24: H1, H2, H3 | W24: Highway x Lane Changes / Overtaking x H1; Highway x Lane Changes / Overtaking x H2; Highway x Lane Changes / Overtaking x H3 | X24: TC-CRAWL-025: Miscounted lanes due to missing boundary markings TC-CRAWL-055: Missing lane marking TC-CRAWL-060: damaged lane markings TC-CRAWL-061: shadows resembling lane markings TC-CRAWL-064: skid marks resembling lane markings TC-CRAWL-065: Double-exposure marking (old markings not fully removed) TC-CRAWL-068: Irregular dash spacing (misread as solid line) | Y24: FI-LOC-05: Incorrect lane assignment (ego located in wrong lane of the carriageway). FI-PCP-01: Lane markings not detected (no lane data provided to VI). FI-PCP-02: Lane markings detected with insufficient precision or inconsistent performance. FI-PCP-04: Incorrect lane position / geometry estimate delivered (lateral position, curvature). FI-PCP-05: False positive lanes accepted (fake / shadow / skid-mark lanes). FI-PCP-10: Incorrect object classification (incl. EMV not recognized / non-EMV taken for EMV). FI-PCP-11: False positive actors / objects (ghost targets). FI-PCP-14: Traffic sign / signal not detected or misclassified (incl. temporary signage). FI-VI-01: Plans trajectory following an incorrect ego lane (propagates FI-PCP-04 / FI-LOC-05). | Z24: Simulation; track with modified markings | AB24: PROPOSED
A25: LC-RD-07 | B25: LC-RD | C25: sut_lane_change_on_curve_or_grade | E25: Lane change on a curve, crest or steep grade where sight distance and stability margins are reduced. | F25: Discretionary | G25: left / right | H25: B or D possibly hidden by crest / curve | I25: init_drive > signal > change_lane > post_phase | J25: Curvature (TORC-ODD-360); Slope (TORC-ODD-79); vertical curve | K25: curvature, grade, sight distance, sdt_speed, load | L25: Crest hides B; downhill with heavy load | M25: Avoid lane changes where sight distance is below need; respect stability limits with load. | N25: T1, T5, T7, T9 | O25: curvature bins; grade [-8..+8 %]; sight_distance [50..400 m] | P25: K-SAF-01, K-SAF-02, K-CRT-01 | Q25: M-03 | R25: In-ODD | S25: Vehicle stability, Lateral control / stay-in-lane, Longitudinal speed | T25: 27 | U25: Excessive Acceleration, Excessive Deceleration, Excessive Steering, Insufficient Acceleration, Insufficient Deceleration, Insufficient Steering, No Acceleration, No Deceleration, No Steering, Steering for too long / stuck, Unintended Acceleration, Unintended Deceleration, Unintended Steering | V25: H1, H2, H3, H5 | W25: Highway x Lane Changes / Overtaking x H1; Highway x Lane Changes / Overtaking x H2; Highway x Lane Changes / Overtaking x H3; Highway x Lane Changes / Overtaking x H5 | X25: TC-CRAWL-032: tight curve TC-CRAWL-034: Reduced sight distance around curve TC-CRAWL-036: high lane grade TC-CRAWL-039: Downhill grade increasing stopping distance TC-CRAWL-042: Crest curve blocking forward line of sight TC-CRAWL-001: High trailer weight TC-CRAWL-006: Unsecured/shifting cargo | Y25: FI-PCP-04: Incorrect lane position / geometry estimate delivered (lateral position, curvature). FI-PCP-16: Incorrect trailer position / configuration (or trailer in wrong coordinate frame). FI-VI-01: Plans trajectory following an incorrect ego lane (propagates FI-PCP-04 / FI-LOC-05). FI-VI-07: Incorrect assumption on own capability envelope (braking / steering limits vs load, adhesion, grade). | Z25: Simulation | AB25: PROPOSED
A26: LC-RD-08 | B26: LC-RD | C26: sut_lane_change_with_map_lane_mismatch | E26: Map and reality disagree on lane count or lane availability (recent restriping, added lane not in map). | F26: Discretionary | G26: left / right | H26: none (or NOM-02 traffic) | I26: init_drive > signal > change_lane > post_phase | J26: Map (L6); Lane Count | K26: map vs reality mismatch type | L26: Target lane exists in map but not on road; lane exists on road but not in map | M26: Detect inconsistency; do not change into a lane not confirmed by perception. | N26: T2, T4 | O26: mismatch_type [lane missing, extra lane, shifted lane] | P26: K-SAF-01, K-CMP-03 | Q26: M-05 | R26: In-ODD | S26: Lane keeping / route guidance | T26: 6 | U26: Excessive Steering, Insufficient Steering, No Steering, Steering for too long / stuck, Steering in opposite direction, Unintended Steering | V26: H1, H2 | W26: Highway x Lane Changes / Overtaking x H1 | X26: TC-CRAWL-237: Incorrect map data TC-CRAWL-238: Stale/outdated map not reflecting recent construction changes TC-CRAWL-239: Map-reported lane count mismatching actual painted lanes TC-CRAWL-141: Added-lane sign/marking mismatch with actual lane count | Y26: FI-LOC-04: Offline map incorrect or stale vs reality. FI-LOC-05: Incorrect lane assignment (ego located in wrong lane of the carriageway). FI-PCP-14: Traffic sign / signal not detected or misclassified (incl. temporary signage). FI-VI-05: Incorrect traffic-rule application (right-of-way, speed rule, move-over, gap acceptance). | Z26: Simulation | AB26: PROPOSED
A27: LC-ABT-01 | B27: LC-ABT | C27: sut_lane_change_abort_and_return | E27: A trigger (D accelerates, E merges, B brakes) appears after lateral motion started; SDT returns to the origin lane. | F27: Abort | G27: return to origin | H27: Trigger actor: D, E or B; C behind in origin lane | I27: change_lane > trigger > abort > return > post_phase | J27: Lane Count >= 2 | K27: lateral progress at trigger [0..100 %], trigger type, C position | L27: Trigger before / after point of no return | M27: Abort when continuing is less safe; return with controlled lateral motion; cancel or switch signal; do not oscillate between lanes. | N27: T3, T6, T8, T9 | O27: lateral_progress_at_trigger [0..100 %, 10 %]; trigger_type [D accel, E merge, B brake] | P27: K-SAF-01, K-SAF-07, K-SAF-08, K-CRT-01 | Q27: M-01, M-03, M-06 | R27: In-ODD | S27: Lateral clearance, Vehicle stability, Misleading signal (not needed) | T27: 23 | U27: Excessive Acceleration, Excessive Deceleration, Excessive Steering, Insufficient Acceleration, Insufficient Deceleration, Insufficient Steering, No Deceleration, No Steering, No Turn Signal, Steering for too long / stuck, Steering in opposite direction, Turn Signal in opposite direction, Turn Signal too late, Unintended Acceleration, Unintended Deceleration, Unintended Steering, Unintended Turn Signal | V27: H1, H2, H3, H5 | W27: Highway x Lane Changes / Overtaking x H1; Highway x Lane Changes / Overtaking x H5 | X27: TC-CRAWL-175: Aggressive Behavior TC-CRAWL-171: Vehicle moving out of lane TC-CRAWL-227: high wind gust | Y27: FI-PCP-06: Actor / object not detected (OMV, VRU, static obstacle missed). FI-PCP-08: Incorrect actor position (adjacent / opposite / crossing). FI-PCP-09: Incorrect actor velocity (longitudinal / lateral). FI-PCP-17: Degradation under specific environmental conditions not compensated (rain, fog, night, glare, shadows, low contrast). FI-VI-04: Wrong prediction of other actor motion / intent (adjacent, opposite, VRU). FI-VI-06: Replanning too late for a dynamic change (cut-in, intrusion, lane shift). FI-VI-07: Incorrect assumption on own capability envelope (braking / steering limits vs load, adhesion, grade). | Z27: Simulation | AB27: PROPOSED
A28: LC-ABT-02 | B28: LC-ABT | C28: sut_lane_change_interrupted_by_ddt_fallback | E28: A system degradation requires MRM while SDT is mid lane change. | F28: Abort to MRM | G28: n/a | H28: B, D in target lane; C in origin lane | I28: change_lane > degradation > fallback_decision > MRM | J28: Shoulder Presence (TORC-ODD-81) | K28: lateral progress at degradation, degradation type, shoulder availability | L28: Complete LC then MRM / return then MRM | M28: Never end the MRM straddling two lanes; finish or return depending on progress and traffic, then perform MRM. | N28: T8, T9 (fallback planner) | O28: lateral_progress_at_degradation; degradation_type; shoulder_present | P28: K-SAF-01, K-SAF-07, K-SAF-08 | Q28: M-01, M-05 | R28: In-ODD | S28: Lane keeping / route guidance, Longitudinal speed | T28: 12 | U28: Excessive Acceleration, Excessive Deceleration, Excessive Steering, Insufficient Steering, No Acceleration, No Deceleration, No Steering, Steering for too long / stuck, Steering in opposite direction, Unintended Acceleration, Unintended Deceleration, Unintended Steering | V28: H1, H2, H3 | W28: Highway x Lane Changes / Overtaking x H1; Highway x Lane Changes / Overtaking x H2; Highway x Lane Changes / Overtaking x H3 | X28: TC-CRAWL-232: Incorrect gnss position TC-CRAWL-012: Dirty/occluded sensor lens TC-CRAWL-251: High ambient temperature causing sensor / compute thermal derating | Y28: FI-LOC-01: Incorrect global pose (GNSS+IMU fusion error). FI-LOC-02: Local frame drift over time. FI-PCP-12: Unstable / intermittent detection under intermittent occlusion. FI-SEN-02: Sensor data of insufficient quality (resolution, SNR, range) for the downstream task. FI-SEN-03: Sensor configuration / calibration incorrect (wrong parameters, drift). FI-SEN-04: Sensor mounting misaligned / data in unexpected coordinate frame (incl. factory mispositioning). FI-SEN-06: GNSS data incorrect or absent. | Z28: Simulation; fault injection on track | AB28: PROPOSED
A29: LC-OOD-01 | B29: LC-OOD | C29: sut_move_over_for_stopped_emv_on_shoulder | E29: Stopped EMV, police, TxDOT or tow vehicle with lights on the shoulder; SDT vacates the adjacent lane or slows. | F29: Mandatory (legal) | G29: away from shoulder | H29: S: stopped EMV with lights; B, D in target lane | I29: approach > detect_emv > decide > change_lane or slow > pass | J29: Shoulder Presence (TORC-ODD-81) | K29: detection distance, EMV kind, target lane occupancy, light | L29: Target lane busy: slow 20 mph below limit instead | M29: Vacate the lane closest to the EMV when safe, otherwise slow to 20 mph below the posted limit (TX TRC 545.157). | N29: T1, T4, T5, T6 | O29: detection_distance [50..400 m]; emv_kind; target_lane_free; light | P29: K-SAF-01, K-CMP-04, K-SAF-05 | Q29: M-04, M-05, M-06 | R29: [Out-of-ODD] (EMV dynamics NA in Jama L4) | S29: Lateral clearance, Longitudinal speed | T29: 12 | U29: Excessive Acceleration, Excessive Deceleration, Excessive Steering, Insufficient Steering, No Acceleration, No Deceleration, No Steering, Steering for too long / stuck, Steering in opposite direction, Unintended Acceleration, Unintended Deceleration, Unintended Steering | V29: H1, H2, H3, H6 | W29: Highway x Lane Changes / Overtaking x H1; Highway x Lane Changes / Overtaking x H2; Highway x Lane Changes / Overtaking x H3 | X29: TC-CRAWL-196: Active emergency lights washed out by daylight glare TC-CRAWL-197: Unmarked emergency vehicle lacking distinctive livery TC-CRAWL-198: Emergency vehicle not recognized TC-CRAWL-199: Non Emergency vehicle recognized as emergency TC-CRAWL-183: Stopped on Shoulder | Y29: FI-PCP-06: Actor / object not detected (OMV, VRU, static obstacle missed). FI-PCP-08: Incorrect actor position (adjacent / opposite / crossing). FI-PCP-09: Incorrect actor velocity (longitudinal / lateral). FI-PCP-10: Incorrect object classification (incl. EMV not recognized / non-EMV taken for EMV). FI-PCP-14: Traffic sign / signal not detected or misclassified (incl. temporary signage). FI-PCP-17: Degradation under specific environmental conditions not compensated (rain, fog, night, glare, shadows, low contrast). FI-VI-04: Wrong prediction of other actor motion / intent (adjacent, opposite, VRU). FI-VI-05: Incorrect traffic-rule application (right-of-way, speed rule, move-over, gap acceptance). FI-VI-06: Replanning too late for a dynamic change (cut-in, intrusion, lane shift). | Z29: Simulation; track | AB29: PROPOSED
... A32: LC-OOD-04 | B32: LC-OOD | C32: sut_lane_change_at_crash_scene | E32: Crash scene ahead with responders on foot, emergency lighting, debris and improvised lane closure. | F32: Mandatory | G32: away from closure | H32: S / O: responders, vehicles, debris; B, D in open lane | I32: approach > detect_scene > decide > change_lane > pass_slow | J32: Improvised closure (not in map) | K32: closure position, responder proximity, traffic_volume | L32: Closure on left / right / center | M32: Slow early, move away from the scene, follow responder direction, pass at low speed. | N32: T1, T2, T4, T5 | O32: closure_side; responder_distance_to_lane | P32: K-SAF-01, K-CMP-04 | Q32: M-05, M-06 | R32: [Out-of-ODD] | S32: Front obstacle avoidance, Lateral clearance | T32: 12 | U32: Excessive Steering, Insufficient Steering, No Steering, Steering for too long / stuck, Steering in opposite direction, Steering too late, Unintended Steering | V32: H1, H2, H3, H4 | W32: Highway x Lane Changes / Overtaking x H1; Highway x Lane Changes / Overtaking x H2; Highway x Lane Changes / Overtaking x H3; Highway x Lane Changes / Overtaking x H4 | X32: TC-CRAWL-266: Crash scene ahead: responders on foot + emergency lighting + debris field + improvised lane closure TC-CRAWL-174: Accident | Y32: FI-PCP-06: Actor / object not detected (OMV, VRU, static obstacle missed). FI-PCP-08: Incorrect actor position (adjacent / opposite / crossing). FI-PCP-09: Incorrect actor velocity (longitudinal / lateral). FI-PCP-18: Out-of-distribution / unseen object class not handled safely (no safe default). FI-VI-04: Wrong prediction of other actor motion / intent (adjacent, opposite, VRU). FI-VI-05: Incorrect traffic-rule application (right-of-way, speed rule, move-over, gap acceptance). FI-VI-06: Replanning too late for a dynamic change (cut-in, intrusion, lane shift). | Z32: Simulation | AB32: PROPOSED

Sheet Actor Slots
A1: Actor slot model (from Torc Miro 'Concrete Scenario A / B')
A2: Miro Concrete B: B = Torc lead vehicle, D = Torc chase vehicle, E = controlled vehicle with 2 variants (holds SDT speed / accelerates).
A4: Slot | B4: Role | C4: Position | D4: Notes
A5: SDT | B5: Ego (system under test) | C5: Origin lane | D5: Torc SDT, tractor + 53 ft trailer (~22 m combination). Performs the lane change.
A6: A | B6: Lead, origin lane | C6: Origin lane, ahead | D6: Vehicle directly ahead of SDT in the origin lane. Miro Concrete A/B: vehicle A.
A7: B | B7: Lead, target lane | C7: Target lane, ahead | D7: Front boundary of the gap SDT moves into. Miro Concrete B: Torc lead vehicle when run on public road.
A8: C | B8: Follower, origin lane | C8: Origin lane, behind | D8: Vehicle behind SDT in the origin lane.
A9: D | B9: Follower, target lane | C9: Target lane, behind | D9: Rear boundary of the gap SDT moves into. Miro Concrete B: Torc chase vehicle when run on public road.
A10: E | B10: Far-lane vehicle, beside / behind | C10: Lane beyond target lane, beside or behind SDT | D10: Can merge into the same target lane as SDT (Miro Concrete B, vehicle E).
A11: F | B11: Far-lane vehicle, ahead | C11: Lane beyond target lane, ahead | D11: Can cut into the target-lane gap ahead of SDT.
A12: G | B12: Other-side adjacent vehicle | C12: Lane on the opposite side of the origin lane | D12: Only relevant when SDT is in a middle lane.
A13: S | B13: Shoulder actor / object | C13: Shoulder adjacent to SDT lanes | D13: Stopped EMV, disabled vehicle, workers, debris on shoulder.
A14: O | B14: Static object in lane | C14: Target or origin lane | D14: FOD, lost cargo, stopped vehicle, channelizing devices.

Sheet Parameters
A1: Parameter dictionary: logical ranges for DO-Crawl I-35 South
A2: Status: ODD-quantified = from L1-L5_ODD_report_final.json; proposed = engineering default to review; GAP = needs L4 / ODD data before logical sampling.
A4: Parameter | B4: Meaning | C4: Unit | D4: Logical range (I-35 crawl) | E4: Status | F4: Source / note
A5: sdt_speed | B5: SDT speed at lane-change start | C5: mph | D5: 45 .. 75 | E5: ODD-quantified | F5: Speed Limit TORC-ODD-84: observed 10..75 mph on crawl routes; 70 and 75 mph = 94.4% of miles. Spec range 45..80 mph.
A6: lc_side | B6: Lane-change direction | C6: enum | D6: left, right | E6: proposed | F6: Both directions are legal on I-35 multi-lane sections (passing on the right allowed when safe, TX TRC 545.057).
A7: lane_count | B7: Number of lanes in SDT direction | C7: count | D7: 2 .. 4 | E7: ODD-quantified | F7: Lane Count TORC-ODD-356: 1 lane 3.7%, 2 lanes 49.7%, 3 lanes 39.1%, 4 lanes 7.5% of miles. LC needs >= 2.
A8: origin_lane_index | B8: SDT lane position | C8: enum | D8: rightmost, middle, leftmost | E8: proposed | F8: Middle lane only when lane_count >= 3 (46.6% of miles).
A9: lane_width | B9: Lane width | C9: m | D9: 2.5 .. 6.5 (nominal 3.5 .. 3.75) | E9: ODD-quantified | F9: Lane Width TORC-ODD-76 (HD map): 85.7% of miles in 3.5..3.75 m bin; < 3.25 m about 0.1%.
A10: curvature | B10: Horizontal curvature at LC location | C10: 1/m | D10: 0 .. 0.0022 (spec) | E10: ODD-quantified | F10: Curvature TORC-ODD-360: 98.3% straight; observed max 0.25 1/m (likely ramps, to confirm) vs spec max 2.2e-3.
A11: grade | B11: Longitudinal slope | C11: % | D11: -8 .. +8 | E11: ODD-quantified | F11: Slope TORC-ODD-79: observed -8..+8% vs spec +/-6% (discrepancy to raise).
A12: traffic_volume | B12: Hourly vehicle volume | C12: veh/h | D12: 303 .. 1950 | E12: ODD-quantified | F12: TCDS via ODD report: 303.2..1950 veh/h.
A13: actor_kind | B13: Kind of each actor | C13: list | D13: passenger car, pickup, motorcycle, tractor-trailer, wide load, EMV, towed vehicle | E13: proposed | F13: Mirrors Foretellix 'kinds' parameter. Kinds from TC catalogue L4 (TC-CRAWL-168..201).
A14: actor_speed_rel_to_sdt | B14: Speed of actor minus SDT speed | C14: mph | D14: -20 .. +30 (proposed) | E14: GAP | F14: No L4 kinematics on I-35 yet (relative speed distribution per lane). Needs TCDS per-lane speeds / TU enrichment.
A15: front_gap_target_lane | B15: Time gap SDT to B at LC start | C15: s | D15: 0.5 .. 6 (proposed) | E15: GAP | F15: Gap distribution in target lane not characterized (L4 gap).
... A26: light | B26: Light condition | C26: enum | D26: day, dawn / dusk, night | E26: proposed | F26: Solar radiation 0 W/m2 for 58.8% of hours (night) in ODD report.

Sheet KPIs & Checkers
A1: Scenario evaluation KPIs and checkers
A2: Categories follow the Torc Behavior Table columns for Lane Changes / Overtaking. Thresholds TBD unless noted; candidates must be verified.
A4: KPI ID | B4: Category | C4: Metric (OSC2 name) | D4: Definition | E4: Unit | F4: Threshold | G4: Type | H4: # scenarios using
A5: K-SAF-01 | B5: Safety | C5: no_collision | D5: No contact between SDT (tractor or trailer) and any actor or object | E5: bool | F5: Must be true | G5: Checker | H5: 28
A6: K-SAF-02 | B6: Safety | C6: sdt_min_ttc_to_vehicle | D6: Minimum time-to-collision between SDT and any actor during the scenario | E6: s | F6: TBD (acceptance criteria, ISO 21448 Cl.6 gap) | G6: KPI | H6: 11
A7: K-SAF-03 | B7: Safety | C7: sdt_min_mttc_to_vehicle | D7: Minimum modified TTC (accounts for acceleration) | E7: s | F7: TBD | G7: KPI | H7: 0
A8: K-SAF-04 | B8: Safety | C8: min_lateral_clearance | D8: Minimum lateral distance between SDT swept path (incl. trailer) and adjacent actors | E8: m | F8: TBD | G8: KPI | H8: 8
A9: K-SAF-05 | B9: Safety | C9: imposed_decel_on_rear_target_vehicle | D9: Deceleration that vehicle D must apply because of the SDT lane change | E9: m/s2 | F9: Candidate: <= 3 m/s2 (UN R79 / R157 lane-change criterion, to verify) | G9: KPI + checker | H9: 9
A10: K-SAF-06 | B10: Safety | C10: time_headway_to_new_lead_after_lc | D10: Time headway SDT to B once lane change is completed | E10: s | F10: TBD | G10: KPI | H10: 2
A11: K-SAF-07 | B11: Safety | C11: boundary_straddle_duration | D11: Time the SDT occupies two lanes | E11: s | F11: TBD | G11: KPI | H11: 4
A12: K-SAF-08 | B12: Safety | C12: abort_decision_correct | D12: When a trigger appears, SDT chooses the safer of continue / abort for the current phase | E12: bool | F12: Must be true | G12: Checker | H12: 8
A13: K-CMP-01 | B13: Traffic compliance | C13: signal_before_lateral_motion | D13: Turn signal active before lateral motion starts, and lead time | E13: bool / s | F13: Signal required (TX TRC 545.104); lead time TBD (candidate from UN R79 / R157, to verify) | G13: Checker + KPI | H13: 4
A14: K-CMP-02 | B14: Traffic compliance | C14: lc_made_safely | D14: Lane left only when movement can be made safely (TX TRC 545.060) | E14: bool | F14: Must be true | G14: Checker | H14: 4
A15: K-CMP-03 | B15: Traffic compliance | C15: no_lc_across_prohibited_marking | D15: No lane change across solid line, gore, or work-zone restricted marking | E15: bool | F15: Must be true | G15: Checker | H15: 4
A16: K-CMP-04 | B16: Traffic compliance | C16: move_over_compliance | D16: Vacate lane next to stopped EMV / TxDOT / tow vehicle, or slow 20 mph below limit (TX TRC 545.157) | E16: bool | F16: Must be true | G16: Checker | H16: 3
... A24: K-CRT-03 | B24: Courtesy | C24: yield_to_merging_traffic | D24: SDT moves over or adjusts speed to let on-ramp traffic merge when possible | E24: bool | F24: Should be true when feasible | G24: KPI | H24: 1

Sheet Task Chain
A1: SDT task chain for Lane Change (solution independent)
A2: Answers the Miro sticky 'Don't have Tasks' and the Objectives items 'internal factors along the task chain' and 'KPIs on I/Os of the tasks (solution independent)'. SOTIF team stops here.
A4: Task | B4: Task (what the SDT must do) | C4: Inputs | D4: Outputs | E4: KPIs on task I/O (solution independent) | F4: Internal factors (FI) along this task | G4: # scenarios needing it
A5: T1 | B5: Perceive road users around SDT in all slots (A to G, S, O), including the trailer-side blind zone | C5: Raw sensor data (camera, lidar, radar), trailer state | D5: Object list: position, velocity, class, existence confidence, per slot | E5: Detection range per slot vs required range (rear: closing speed x decision horizon); missed-detection rate per slot and per actor kind (motorcycle, low-contrast car); position error; velocity error; latency; track continuity during occlusion | F5: FI-SEN-01, FI-SEN-02, FI-SEN-08, FI-PCP-06, FI-PCP-07, FI-PCP-08, FI-PCP-09, FI-PCP-10, FI-PCP-12, FI-PCP-16, FI-PCP-17, FI-PCP-18, FI-AIM-01, FI-AIM-04 | G5: 20
A6: T2 | B6: Estimate lane geometry and the existence, type and legal availability of the target lane | C6: Perception lane features, HD map, localization | D6: Lane model, lane count, boundary type (dashed / solid), restrictions (gore, work zone, lane drop) | E6: Lateral boundary error; boundary-type classification accuracy (dashed vs solid); target-lane existence correctness; map vs perception consistency rate; ego lane assignment correctness | F6: FI-PCP-01, FI-PCP-02, FI-PCP-03, FI-PCP-04, FI-PCP-05, FI-PCP-14, FI-LOC-04, FI-LOC-05 | G6: 8
A7: T3 | B7: Predict intent and trajectories of relevant actors (B, D, E, F, A) | C7: Object list, lane model, signal states of other vehicles | D7: Predicted trajectories with uncertainty, lane-change intent of other actors | E7: Intent detection lead time (E merging, D accelerating); trajectory error at 3 s and 5 s; missed / false lane-change-intent rate | F7: FI-VI-04, FI-AIM-04, FI-PCP-09 | G7: 15
A8: T4 | B8: Decide that a lane change is needed (route, efficiency, courtesy, move-over, lane drop) | C8: Route, lane model, traffic state, rules | D8: Lane-change request with side, urgency and deadline (distance / time) | E8: Decision lead distance before mandatory point (lane drop, exit, work zone taper); unnecessary lane-change rate; missed mandatory lane change rate | F8: FI-VI-05, FI-PCP-14, FI-LOC-04 | G8: 12
A9: T5 | B9: Assess gap and feasibility (front and rear gap in target lane, imposed deceleration on D, own capability with load) | C9: Predicted trajectories, lane model, own capability envelope | D9: Go / no-go, selected gap, target speed profile | E9: Unsafe-gap acceptance rate (false accept); safe-gap rejection rate (false reject, efficiency); margin to threshold at decision time | F9: FI-VI-05, FI-VI-07, FI-VI-04 | G9: 22
A10: T6 | B10: Communicate intent (turn signal timing, side, continuity, cancel) | C10: Go decision, maneuver state | D10: Turn signal command | E10: Signal lead time before lateral motion; continuity until lane change completed; correct side; cancel after completion or abort; signal conspicuity to followers | F10: Communicate Intent function (HAZOP rows 169, 174); TC-CRAWL-273 to 277 (ego conspicuity) | G10: 9
A11: T7 | B11: Plan the lane-change trajectory, including trailer swept path | C11: Selected gap, lane model, capability envelope | D11: Trajectory (lateral and longitudinal) | E11: Swept-path clearance to adjacent actors and boundaries; peak lateral acceleration and jerk; feasibility vs capability (load, grade, adhesion) | F11: FI-VI-01, FI-VI-02, FI-VI-07, FI-PCP-16 | G11: 9
A12: T8 | B12: Execute and monitor; decide continue vs abort (point of no return) | C12: Updated object list and predictions during maneuver | D12: Continue / abort decision, return trajectory | E12: Abort decision latency after trigger; time spent straddling the boundary; correctness of continue-vs-abort decision per phase | F12: FI-VI-06, FI-VI-04, FI-PCP-07 | G12: 11
A13: T9 | B13: Control the vehicle along the trajectory (lateral and longitudinal tracking, stability) | C13: Trajectory, vehicle state | D13: Steering, acceleration, deceleration commands | E13: Lateral tracking error; trailer off-tracking; stability margins (roll, yaw) under wind, curvature, grade | F13: FI-VI-07, FI-SEN-07 (control feedback) | G13: 11
A14: T10 | B14: Complete and stabilize: center in target lane, cancel signal, re-establish following gap | C14: Vehicle state, object list | D14: Steady lane keeping, following distance restored | E14: Time to re-center; headway to new lead (B) after completion; signal cancelled | F14: FI-PCP-04, FI-VI-01 | G14: 4

Sheet Modifiers
A1: Modifiers (mixable with any compatible scenario)
A2: Foretellix 'mix' concept: a modifier changes conditions without changing the scenario logic. Rain, wind, glare are modifiers, not separate scenarios.
A4: Modifier | B4: Condition | C4: ODD element | D4: Effect on the scenario | E4: TCs | F4: Applies to | G4: # scenarios listing it
A5: M-01 | B5: Rain light / moderate / heavy | C5: Rain TORC-ODD-27 | D5: Reduces sensor range and adhesion: larger gaps, longer LC | E5: TC-CRAWL-247, TC-CRAWL-248, TC-CRAWL-250 | F5: All | G5: 14
A6: M-02 | B6: Spray plume from trucks | C6: Rain TORC-ODD-27 | D6: Occludes B, D, E when they are trucks | E6: TC-CRAWL-249, TC-CRAWL-274 | F6: All with truck actors | G6: 6
A7: M-03 | B7: Crosswind / gusts | C7: Wind TORC-FLD-1559 | D7: Lateral disturbance during lateral motion; trailer stability | E7: TC-CRAWL-225, TC-CRAWL-226, TC-CRAWL-227, TC-CRAWL-228 | F7: All | G7: 5
A8: M-04 | B8: Low sun / glare | C8: Sun Angle TORC-ODD-36 | D8: Camera degradation, washed-out signals of others and of SDT | E8: TC-CRAWL-219, TC-CRAWL-184, TC-CRAWL-273 | F8: All | G8: 14
A9: M-05 | B9: Night / low light | C9: Light (derived) | D9: Reduced passive detectability, markings invisible | E9: TC-CRAWL-217, TC-CRAWL-231, TC-CRAWL-058 | F9: All | G9: 19
A10: M-06 | B10: Dense traffic | C10: Vehicles TORC-FLD-30123 (TCDS volume) | D10: Smaller gaps, more actors in slots, occlusion | E10: TC-CRAWL-173, TC-CRAWL-186 | F10: All | G10: 16
A11: M-07 | B11: Heat shimmer | C11: Air Temperature TORC-ODD-15 | D11: Distorted camera returns at range | E11: TC-CRAWL-252, TC-CRAWL-251 | F11: All | G11: 0
A12: M-08 | B12: Narrow lane | C12: Lane Width TORC-ODD-76 | D12: Less lateral clearance for the trailer | E12: TC-CRAWL-027, TC-CRAWL-044 | F12: All | G12: 2
A13: M-09 | B13: Curve / grade | C13: Curvature TORC-ODD-360, Slope TORC-ODD-79 | D13: Sight distance, stability, stopping distance | E13: TC-CRAWL-032, TC-CRAWL-034, TC-CRAWL-039, TC-CRAWL-042 | F13: All | G13: 3
A14: M-10 | B14: Sensor soiling / misalignment | C14: L0 vehicle state | D14: Degraded detection on one side | E14: TC-CRAWL-011, TC-CRAWL-012, TC-CRAWL-013 | F14: All | G14: 5
A15: M-11 | B15: Low-contrast / low-reflectivity actor | C15: Vehicles TORC-FLD-30123 | D15: Under-detection of the actor in the key slot | E15: TC-CRAWL-168, TC-CRAWL-169, TC-CRAWL-193 | F15: All | G15: 5

Sheet HIRE Traceability
A1: Phase 1B link: Highway Lane Change HIRE rows > scenarios that exercise them
A2: Source: 2026_SDT_HIRE_from_HAZOP_v1.xlsx, Use Case = Highway, Behavior = Lane Changes / Overtaking (61 rows).
A4: HIRE ID | B4: ODD condition | C4: Maneuver | D4: Hazard context | E4: Guideword | F4: Malfunction (unwanted behavior) | G4: Hazardous event | H4: Hazard | I4: S | J4: E | K4: C | L4: Exercised by scenarios | M4: # scenarios
A5: HW_ Lane Changes / Overtaking_No Acceleration_01 | B5: Nominal (dry / day / clear) | C5: Acceleration command | D5: Longitudinal speed | E5: NOT Providing | F5: No Acceleration | G5: Not providing acceleration (when needed) leading to crash with rear vehicle | H5: H3 | I5: S2 | J5: E3 | K5: C1 | L5: LC-NOM-02, LC-NOM-03, LC-TGT-01, LC-TGT-04, LC-CUR-01, LC-CUR-02, LC-CUR-03, LC-RD-07, LC-ABT-02, LC-OOD-01 | M5: =IF(L5="",0,LEN(L5)-LEN(SUBSTITUTE(L5,",",""))+1) -> 10
A6: HW_ Lane Changes / Overtaking_Unintended Acceleration_01 | B6: Nominal (dry / day / clear) | C6: Acceleration command | D6: Longitudinal speed | E6: Providing when not needed | F6: Unintended Acceleration | G6: Providing acceleration when not needed leading to crash with front vehicle | H6: H2 | I6: S3 | J6: E3 | K6: C3 | L6: LC-NOM-02, LC-NOM-03, LC-TGT-01, LC-TGT-04, LC-CUR-01, LC-CUR-02, LC-CUR-03, LC-RD-07, LC-ABT-02, LC-OOD-01 | M6: =IF(L6="",0,LEN(L6)-LEN(SUBSTITUTE(L6,",",""))+1) -> 10
A7: HW_ Lane Changes / Overtaking_Excessive Acceleration_01 | B7: Nominal (dry / day / clear) | C7: Acceleration command | D7: Longitudinal speed | E7: Providing more than needed | F7: Excessive Acceleration | G7: Providing acceleration more than needed leading to crash with front vehicle | H7: H2 | I7: S3 | J7: E2 | K7: C3 | L7: LC-NOM-02, LC-NOM-03, LC-TGT-01, LC-TGT-04, LC-CUR-01, LC-CUR-02, LC-CUR-03, LC-RD-07, LC-ABT-02, LC-OOD-01 | M7: =IF(L7="",0,LEN(L7)-LEN(SUBSTITUTE(L7,",",""))+1) -> 10
A8: HW_ Lane Changes / Overtaking_No Acceleration_02 | B8: Nominal (dry / day / clear) | C8: Acceleration command | D8: Lateral control / stay-in-lane | E8: NOT Providing | F8: No Acceleration | G8: Not providing acceleration to stay in lane leading to crash with adjacent vehicle or obstacle | H8: H1 | I8: S2 | J8: E3 | K8: C1 | L8: LC-NOM-02, LC-TGT-05, LC-RD-06, LC-RD-07 | M8: =IF(L8="",0,LEN(L8)-LEN(SUBSTITUTE(L8,",",""))+1) -> 4
A9: HW_ Lane Changes / Overtaking_Unintended Acceleration_02 | B9: Nominal (dry / day / clear) | C9: Acceleration command | D9: Lateral control / stay-in-lane | E9: Providing when not needed | F9: Unintended Acceleration | G9: Providing acceleration when not needed to stay in lane leading to crash with front vehicle | H9: H2 | I9: S3 | J9: E3 | K9: C3 | L9: LC-NOM-02, LC-TGT-05, LC-RD-06, LC-RD-07 | M9: =IF(L9="",0,LEN(L9)-LEN(SUBSTITUTE(L9,",",""))+1) -> 4
A10: HW_ Lane Changes / Overtaking_Insufficient Acceleration_01 | B10: Nominal (dry / day / clear) | C10: Acceleration command | D10: Lateral control / stay-in-lane | E10: Providing less than needed | F10: Insufficient Acceleration | G10: Providing less acceleration than needed to stay in lane leading to crash with rear vehicle | H10: H3 | I10: S3 | J10: E4 | K10: C1 | L10: LC-NOM-02, LC-TGT-05, LC-RD-06, LC-RD-07 | M10: =IF(L10="",0,LEN(L10)-LEN(SUBSTITUTE(L10,",",""))+1) -> 4
A11: HW_ Lane Changes / Overtaking_Excessive Acceleration_02 | B11: Nominal (dry / day / clear) | C11: Acceleration command | D11: Lateral control / stay-in-lane | E11: Providing more than needed | F11: Excessive Acceleration | G11: Providing more acceleration than needed to stay in lane leading to crash with front vehicle | H11: H2 | I11: S3 | J11: E2 | K11: C3 | L11: LC-NOM-02, LC-TGT-05, LC-RD-06, LC-RD-07 | M11: =IF(L11="",0,LEN(L11)-LEN(SUBSTITUTE(L11,",",""))+1) -> 4
A12: HW_ Lane Changes / Overtaking_Unintended Acceleration_03 | B12: Nominal (dry / day / clear) | C12: Acceleration command | D12: Vehicle stability | E12: Providing when not needed | F12: Unintended Acceleration | G12: Providing acceleration when not needed leading to vehicle instability | H12: H5 | I12: S3 | J12: E3 | K12: C3 | L12: LC-NOM-01, LC-RD-07, LC-ABT-01 | M12: =IF(L12="",0,LEN(L12)-LEN(SUBSTITUTE(L12,",",""))+1) -> 3
A13: HW_ Lane Changes / Overtaking_Insufficient Acceleration_02 | B13: Nominal (dry / day / clear) | C13: Acceleration command | D13: Vehicle stability | E13: Providing less than needed | F13: Insufficient Acceleration | G13: Providing less acceleration than needed leading to vehicle instability | H13: H5 | I13: S3 | J13: E4 | K13: C1 | L13: LC-NOM-01, LC-RD-07, LC-ABT-01 | M13: =IF(L13="",0,LEN(L13)-LEN(SUBSTITUTE(L13,",",""))+1) -> 3
A14: HW_ Lane Changes / Overtaking_Excessive Acceleration_03 | B14: Nominal (dry / day / clear) | C14: Acceleration command | D14: Vehicle stability | E14: Providing more than needed | F14: Excessive Acceleration | G14: Providing more acceleration than needed leading to vehicle instability | H14: H5 | I14: S3 | J14: E2 | K14: C3 | L14: LC-NOM-01, LC-RD-07, LC-ABT-01 | M14: =IF(L14="",0,LEN(L14)-LEN(SUBSTITUTE(L14,",",""))+1) -> 3
A15: HW_ Lane Changes / Overtaking_No Deceleration_01 | B15: Nominal (dry / day / clear) | C15: Deceleration command | D15: Longitudinal speed | E15: NOT Providing | F15: No Deceleration | G15: Not providing deceleration (when needed) leading to crash with front vehicle | H15: H2 | I15: S3 | J15: E3 | K15: C3 | L15: LC-NOM-02, LC-NOM-03, LC-TGT-01, LC-TGT-04, LC-CUR-01, LC-CUR-02, LC-CUR-03, LC-RD-07, LC-ABT-02, LC-OOD-01 | M15: =IF(L15="",0,LEN(L15)-LEN(SUBSTITUTE(L15,",",""))+1) -> 10
A16: HW_ Lane Changes / Overtaking_Unintended Deceleration_01 | B16: Nominal (dry / day / clear) | C16: Deceleration command | D16: Longitudinal speed | E16: Providing when not needed | F16: Unintended Deceleration | G16: Providing deceleration when not needed leading to crash with rear vehicle | H16: H3 | I16: S3 | J16: E3 | K16: C2 | L16: LC-NOM-02, LC-NOM-03, LC-TGT-01, LC-TGT-04, LC-CUR-01, LC-CUR-02, LC-CUR-03, LC-RD-07, LC-ABT-02, LC-OOD-01 | M16: =IF(L16="",0,LEN(L16)-LEN(SUBSTITUTE(L16,",",""))+1) -> 10
... A65: HW_ Lane Changes / Overtaking_Excessive Steering_05 | B65: Wind — strong crosswind / gusts | C65: Steering command | D65: Vehicle stability | E65: Providing more than needed | F65: Excessive Steering | G65: Providing more steering than needed combined with a wind gust leading to trailer sway / rollover | H65: H5 | I65: S3 | J65: E2 | K65: C3 | L65: LC-NOM-01, LC-RD-07, LC-ABT-01 | M65: =IF(L65="",0,LEN(L65)-LEN(SUBSTITUTE(L65,",",""))+1) -> 3

Sheet Scenario x TC x FI
A1: Exploded join: scenario x triggering condition x functional insufficiency
A2: One row per (scenario, TC, FI). Filterable for the FI tree / SOTIF Cl.7 work.
A4: Scenario | B4: Family | C4: Scenario name | D4: TC ID | E4: Layer | F4: ODD element | G4: Triggering condition | H4: TC hazards | I4: FI ID | J4: FI block | K4: Functional insufficiency
A5: LC-NOM-01 | B5: LC-NOM | C5: sut_lane_change_free_target_lane | D5: TC-CRAWL-055 | E5: L1 | F5: Edge Lines | G5: Missing lane marking | H5: H1 | I5: FI-PCP-01 | J5: Perception | K5: Lane markings not detected (no lane data provided to VI).
A6: LC-NOM-01 | B6: LC-NOM | C6: sut_lane_change_free_target_lane | D6: TC-CRAWL-055 | E6: L1 | F6: Edge Lines | G6: Missing lane marking | H6: H1 | I6: FI-PCP-02 | J6: Perception | K6: Lane markings detected with insufficient precision or inconsistent performance.
A7: LC-NOM-01 | B7: LC-NOM | C7: sut_lane_change_free_target_lane | D7: TC-CRAWL-055 | E7: L1 | F7: Edge Lines | G7: Missing lane marking | H7: H1 | I7: FI-PCP-05 | J7: Perception | K7: False positive lanes accepted (fake / shadow / skid-mark lanes).
A8: LC-NOM-01 | B8: LC-NOM | C8: sut_lane_change_free_target_lane | D8: TC-CRAWL-060 | E8: L1 | F8: Edge Lines | G8: damaged lane markings | H8: H1 | I8: FI-PCP-01 | J8: Perception | K8: Lane markings not detected (no lane data provided to VI).
A9: LC-NOM-01 | B9: LC-NOM | C9: sut_lane_change_free_target_lane | D9: TC-CRAWL-060 | E9: L1 | F9: Edge Lines | G9: damaged lane markings | H9: H1 | I9: FI-PCP-02 | J9: Perception | K9: Lane markings detected with insufficient precision or inconsistent performance.
A10: LC-NOM-01 | B10: LC-NOM | C10: sut_lane_change_free_target_lane | D10: TC-CRAWL-060 | E10: L1 | F10: Edge Lines | G10: damaged lane markings | H10: H1 | I10: FI-PCP-05 | J10: Perception | K10: False positive lanes accepted (fake / shadow / skid-mark lanes).
A11: LC-NOM-01 | B11: LC-NOM | C11: sut_lane_change_free_target_lane | D11: TC-CRAWL-067 | E11: L1 | F11: Single broken white line | G11: Worn/faded broken white line | H11: H1 | I11: FI-PCP-01 | J11: Perception | K11: Lane markings not detected (no lane data provided to VI).
A12: LC-NOM-01 | B12: LC-NOM | C12: sut_lane_change_free_target_lane | D12: TC-CRAWL-067 | E12: L1 | F12: Single broken white line | G12: Worn/faded broken white line | H12: H1 | I12: FI-PCP-02 | J12: Perception | K12: Lane markings detected with insufficient precision or inconsistent performance.
A13: LC-NOM-01 | B13: LC-NOM | C13: sut_lane_change_free_target_lane | D13: TC-CRAWL-067 | E13: L1 | F13: Single broken white line | G13: Worn/faded broken white line | H13: H1 | I13: FI-PCP-05 | J13: Perception | K13: False positive lanes accepted (fake / shadow / skid-mark lanes).
A14: LC-NOM-01 | B14: LC-NOM | C14: sut_lane_change_free_target_lane | D14: TC-CRAWL-068 | E14: L1 | F14: Single broken white line | G14: Irregular dash spacing (misread as solid line) | H14: H1 | I14: FI-PCP-10 | J14: Perception | K14: Incorrect object classification (incl. EMV not recognized / non-EMV taken for EMV).
A15: LC-NOM-01 | B15: LC-NOM | C15: sut_lane_change_free_target_lane | D15: TC-CRAWL-068 | E15: L1 | F15: Single broken white line | G15: Irregular dash spacing (misread as solid line) | H15: H1 | I15: FI-PCP-14 | J15: Perception | K15: Traffic sign / signal not detected or misclassified (incl. temporary signage).
... A223: LC-CUR-03 | B223: LC-CUR | C223: sut_lane_change_with_tailgating_follower | D223: TC-CRAWL-273 | E223: L5 | F223: Ego conspicuity (new element) | G223: Low sun behind the SDT washing out brake / turn signals for followers | H223: H4, H3 | I223: FI-PCP-17 | J223: Perception | K223: Degradation under specific environmental conditions not compensated (rain, fog, night, glare, shadows, low contrast).
A224: LC-CUR-03 | B224: LC-CUR | C224: sut_lane_change_with_tailgating_follower | D224: TC-CRAWL-274 | E224: L5 | F224: Ego conspicuity (new element) | G224: Dense spray plume behind trailer obscuring rear light units | H224: H4, H3 | I224: (none mapped)
A225: LC-RD-01 | B225: LC-RD | C225: sut_mandatory_lane_change_lane_drop | D225: TC-CRAWL-024 | E225: L1 | F225: Lane Count | G225: Unmarked lane count change (add/drop) | H225: H1 | I225: FI-PCP-04 | J225: Perception | K225: Incorrect lane position / geometry estimate delivered (lateral position, curvature).
A226: LC-RD-01 | B226: LC-RD | C226: sut_mandatory_lane_change_lane_drop | D226: TC-CRAWL-024 | E226: L1 | F226: Lane Count | G226: Unmarked lane count change (add/drop) | H226: H1 | I226: FI-LOC-05 | J226: Localization & Map | K226: Incorrect lane assignment (ego located in wrong lane of the carriageway).
A227: LC-RD-01 | B227: LC-RD | C227: sut_mandatory_lane_change_lane_drop | D227: TC-CRAWL-024 | E227: L1 | F227: Lane Count | G227: Unmarked lane count change (add/drop) | H227: H1 | I227: FI-VI-01 | J227: Vehicle Intent | K227: Plans trajectory following an incorrect ego lane (propagates FI-PCP-04 / FI-LOC-05).
A228: LC-RD-01 | B228: LC-RD | C228: sut_mandatory_lane_change_lane_drop | D228: TC-CRAWL-046 | E228: L1 | F228: Traffic Travel Lane | G228: lane ends | H228: H1 | I228: FI-PCP-04 | J228: Perception | K228: Incorrect lane position / geometry estimate delivered (lateral position, curvature).
A229: LC-RD-01 | B229: LC-RD | C229: sut_mandatory_lane_change_lane_drop | D229: TC-CRAWL-046 | E229: L1 | F229: Traffic Travel Lane | G229: lane ends | H229: H1 | I229: FI-LOC-05 | J229: Localization & Map | K229: Incorrect lane assignment (ego located in wrong lane of the carriageway).
A230: LC-RD-01 | B230: LC-RD | C230: sut_mandatory_lane_change_lane_drop | D230: TC-CRAWL-046 | E230: L1 | F230: Traffic Travel Lane | G230: lane ends | H230: H1 | I230: FI-VI-01 | J230: Vehicle Intent | K230: Plans trajectory following an incorrect ego lane (propagates FI-PCP-04 / FI-LOC-05).
A231: LC-RD-01 | B231: LC-RD | C231: sut_mandatory_lane_change_lane_drop | D231: TC-CRAWL-047 | E231: L1 | F231: Traffic Travel Lane | G231: Lane merges into adjacent lane without warning | H231: H1 | I231: FI-PCP-04 | J231: Perception | K231: Incorrect lane position / geometry estimate delivered (lateral position, curvature).
A232: LC-RD-01 | B232: LC-RD | C232: sut_mandatory_lane_change_lane_drop | D232: TC-CRAWL-047 | E232: L1 | F232: Traffic Travel Lane | G232: Lane merges into adjacent lane without warning | H232: H1 | I232: FI-LOC-05 | J232: Localization & Map | K232: Incorrect lane assignment (ego located in wrong lane of the carriageway).
A233: LC-RD-01 | B233: LC-RD | C233: sut_mandatory_lane_change_lane_drop | D233: TC-CRAWL-047 | E233: L1 | F233: Traffic Travel Lane | G233: Lane merges into adjacent lane without warning | H233: H1 | I233: FI-VI-01 | J233: Vehicle Intent | K233: Plans trajectory following an incorrect ego lane (propagates FI-PCP-04 / FI-LOC-05).
A234: LC-RD-01 | B234: LC-RD | C234: sut_mandatory_lane_change_lane_drop | D234: TC-CRAWL-148 | E234: L2 | F234: interchange lane drops without an optional exit lanes | G234: Lane drop not anticipated (mandatory exit not flagged in time) | H234: H1, H3 | I234: FI-PCP-14 | J234: Perception | K234: Traffic sign / signal not detected or misclassified (incl. temporary signage).
A235: LC-RD-01 | B235: LC-RD | C235: sut_mandatory_lane_change_lane_drop | D235: TC-CRAWL-148 | E235: L2 | F235: interchange lane drops without an optional exit lanes | G235: Lane drop not anticipated (mandatory exit not flagged in time) | H235: H1, H3 | I235: FI-VI-05 | J235: Vehicle Intent | K235: Incorrect traffic-rule application (right-of-way, speed rule, move-over, gap acceptance).
A236: LC-RD-01 | B236: LC-RD | C236: sut_mandatory_lane_change_lane_drop | D236: TC-CRAWL-079 | E236: L1 | F236: Merge Arrow Lane Marking | G236: Faded merge arrow marking | H236: H1, H3 | I236: FI-PCP-01 | J236: Perception | K236: Lane markings not detected (no lane data provided to VI).
... A407: LC-OOD-04 | B407: LC-OOD | C407: sut_lane_change_at_crash_scene | D407: TC-CRAWL-174 | E407: L4 | F407: Passenger Automobile | G407: Accident | H407: H2, H3 | I407: FI-VI-06 | J407: Vehicle Intent | K407: Replanning too late for a dynamic change (cut-in, intrusion, lane shift).

Sheet Coverage Stats
A1: Coverage stats (live formulas)
A4: Family | B4: Name | C4: # scenarios | D4: # HIRE links (sum)
A5: LC-NOM | B5: Nominal discretionary lane change | C5: =COUNTIF('Scenario Catalogue'!$B$5:$B$32,A5) -> 4 | D5: =SUMIF('Scenario Catalogue'!$B$5:$B$32,A5,'Scenario Catalogue'!$T$5:$T$32) -> 97
A6: LC-TGT | B6: Conflicts in the target lane | C6: =COUNTIF('Scenario Catalogue'!$B$5:$B$32,A6) -> 7 | D6: =SUMIF('Scenario Catalogue'!$B$5:$B$32,A6,'Scenario Catalogue'!$T$5:$T$32) -> 90
A7: LC-CUR | B7: Events in the origin lane during the lane change | C7: =COUNTIF('Scenario Catalogue'!$B$5:$B$32,A7) -> 3 | D7: =SUMIF('Scenario Catalogue'!$B$5:$B$32,A7,'Scenario Catalogue'!$T$5:$T$32) -> 56
A8: LC-RD | B8: Road-structure driven lane change | C8: =COUNTIF('Scenario Catalogue'!$B$5:$B$32,A8) -> 8 | D8: =SUMIF('Scenario Catalogue'!$B$5:$B$32,A8,'Scenario Catalogue'!$T$5:$T$32) -> 129
A9: LC-ABT | B9: Abort and fallback during lane change | C9: =COUNTIF('Scenario Catalogue'!$B$5:$B$32,A9) -> 2 | D9: =SUMIF('Scenario Catalogue'!$B$5:$B$32,A9,'Scenario Catalogue'!$T$5:$T$32) -> 35
A10: LC-OOD | B10: Out-of-ODD events requiring a lane change | C10: =COUNTIF('Scenario Catalogue'!$B$5:$B$32,A10) -> 4 | D10: =SUMIF('Scenario Catalogue'!$B$5:$B$32,A10,'Scenario Catalogue'!$T$5:$T$32) -> 44
B11: Total | C11: =SUM(C5:C10) -> 28 | D11: =SUM(D5:D10) -> 451
A13: Check | B13: Value | C13: Expected
A14: HIRE Lane Change rows | B14: =COUNTA('HIRE Traceability'!A5:A65) -> 61 | C14: 61
A15: HIRE rows exercised by >= 1 scenario | B15: =COUNTIF('HIRE Traceability'!M5:M65,">0") -> 61 | C15: equal to total
A16: HIRE rows not exercised | B16: =COUNTIF('HIRE Traceability'!M5:M65,0) -> 0 | C16: 0
A17: Scenario x TC x FI rows | B17: =COUNTA('Scenario x TC x FI'!A5:A407) -> 403
A18: Distinct TCs used (see note) | B18: 87 | C18: computed at build
A19: Distinct FIs reached (see note) | B19: 32 | C19: of 42 in FI list
A20: Scenarios In-ODD | B20: =COUNTIF('Scenario Catalogue'!R5:R32,"In-ODD*") -> 25
A21: Scenarios with [Out-of-ODD] content | B21: =COUNTIF('Scenario Catalogue'!R5:R32,"*Out-of-ODD*") -> 5
A22: Parameters marked GAP | B22: =COUNTIF(Parameters!E5:E26,"GAP") -> 6
A24: Note: distinct TC / FI counts are written as values computed by the build script (set operations), not formulas.

Sheet Gaps & Open Points
A1: Gaps and open points
A4: ID | B4: Topic | C4: Gap | D4: Proposed action / owner
A5: G-01 | B5: Task chain | C5: Torc has no defined SDT-level tasks (Miro red sticky 'Don't have Tasks'). T1..T10 in this file are a solution-independent proposal to validate with Behavior / Planning teams. | D5: Validate T1..T10 with Matthieu and the planning team; map to AV3.0 components only after (solution-dependent step).
A6: G-02 | B6: L4 kinematics | C6: Relative speeds, gap distributions, cut-in / merge rates per lane on I-35 are not characterized. Logical ranges for 7 parameters are marked GAP. | D6: TCDS per-lane speeds (Matthieu), TU enrichment (Marwan), CCTV sampling (Neil).
A7: G-03 | B7: Acceptance thresholds | C7: All KPI thresholds are TBD (same critical gap as ISO 21448 Cl.6 acceptance criteria). Candidate values cited from UN R79 / R157 must be verified before use. | D7: Decide thresholds with Safety + Behavior teams; link to AVSC00006 metrics claim (EiS Behavior).
A8: G-04 | B8: ODD data gaps | C8: Lane Boundary, Work Zones, Shoulder Presence have no values in the ODD report; Curvature and Slope observed ranges exceed spec ranges. | D8: Raise with ODD owners; until then these parameters stay proposed.
A9: G-05 | B9: Foretellix library | C9: Public Foretellix docs confirm the structure (actors, phases, parameters, coverage with buckets, KPIs) and some scenario names (sut_cut_out, vehicle_cut_in, lead_vehicle_with_cut_in, vehicle_cut_out_exposing_vehicle). The full V-Suite is licensed. | D9: Check whether Torc has a Foretify / V-Suite license; if yes, map each LC-* scenario to the library scenario and reuse its coverage model.
A10: G-06 | B10: HFS link | C10: HFS IDs (HFS-001..138) are linked by key 'Highway x Lane Changes / Overtaking x Hazard' because the HFS workbook was not in the shared folder. | D10: Add HFS IDs when the HFS file is synced.
A11: G-07 | B11: HIRE version | C11: Traceability uses HIRE v1 IDs for Highway Lane Change (61 rows). v2 back-fill did not touch Highway Lane Change, so IDs should be identical. | D11: Confirm against HIRE v2.
